<PAMDataset>
  <Metadata domain="xml:XMP" format="xml">
    <?xpacket begin="&#xFEFF;" id="W5M0MpCehiHzreSzNTczkc9d"?>
    <x:xmpmeta xmlns:x="adobe:ns:meta/" x:xmptk="Image::ExifTool 8.65">
      <rdf:RDF xmlns:rdf="http://www.w3.org/1999/02/22-rdf-syntax-ns#">
        <rdf:Description rdf:about="" xmlns:dc="http://purl.org/dc/elements/1.1/">
          <dc:creator>
            <rdf:Seq>
              <rdf:li>U.S. Geological Survey</rdf:li>
            </rdf:Seq>
          </dc:creator>
          <dc:description>
            <rdf:Alt>
              <rdf:li xml:lang="x-default">Historical Topographic Map Collection</rdf:li>
            </rdf:Alt>
          </dc:description>
          <dc:subject>
            <rdf:Bag>
              <rdf:li>HTMC, USGS</rdf:li>
            </rdf:Bag>
          </dc:subject>
          <dc:title>
            <rdf:Alt>
              <rdf:li xml:lang="x-default">Winston-Salem, NC-VA-TN, 1:250,000 quad, 1962, USGS</rdf:li>
            </rdf:Alt>
          </dc:title>
        </rdf:Description>
      </rdf:RDF>
    </x:xmpmeta>
    <?xpacket end="w"?>
  </Metadata>
  <PAMRasterBand band="1">
    <ColorInterp>Red</ColorInterp>
    <Metadata>
      <MDI key="STATISTICS_APPROXIMATE">YES</MDI>
      <MDI key="STATISTICS_MAXIMUM">255</MDI>
      <MDI key="STATISTICS_MEAN">176.51743589744</MDI>
      <MDI key="STATISTICS_MINIMUM">88</MDI>
      <MDI key="STATISTICS_STDDEV">44.804452086358</MDI>
      <MDI key="STATISTICS_VALID_PERCENT">100</MDI>
    </Metadata>
  </PAMRasterBand>
  <PAMRasterBand band="2">
    <ColorInterp>Green</ColorInterp>
    <Metadata>
      <MDI key="STATISTICS_APPROXIMATE">YES</MDI>
      <MDI key="STATISTICS_MAXIMUM">255</MDI>
      <MDI key="STATISTICS_MEAN">196.88282051282</MDI>
      <MDI key="STATISTICS_MINIMUM">117</MDI>
      <MDI key="STATISTICS_STDDEV">33.678530972341</MDI>
      <MDI key="STATISTICS_VALID_PERCENT">100</MDI>
    </Metadata>
  </PAMRasterBand>
  <PAMRasterBand band="3">
    <ColorInterp>Blue</ColorInterp>
    <Metadata>
      <MDI key="STATISTICS_APPROXIMATE">YES</MDI>
      <MDI key="STATISTICS_MAXIMUM">255</MDI>
      <MDI key="STATISTICS_MEAN">135.95846153846</MDI>
      <MDI key="STATISTICS_MINIMUM">23</MDI>
      <MDI key="STATISTICS_STDDEV">64.143659419985</MDI>
      <MDI key="STATISTICS_VALID_PERCENT">100</MDI>
    </Metadata>
  </PAMRasterBand>
</PAMDataset>
