CountyName,CountyFIPS,LocationName,Data_Value,MeasureId,TotalPopulation,countypop
Blount,47009,47009011502,10.3,CASTHMA,4065,122983
Cannon,47015,47015960100,10.8,CASTHMA,3859,13801
Carter,47019,47019071500,11.5,CASTHMA,2152,57424
Cocke,47029,47029920100,11.2,CASTHMA,3964,35658
Greene,47059,47059090700,10.7,CASTHMA,2538,68831
Grundy,47061,47061955100,10.4,CASTHMA,1567,13703
Loudon,47105,47105060301,9.4,CASTHMA,3332,48556
McNairy,47109,47109930200,11.2,CASTHMA,2202,26075
Maury,47119,47119010700,11.2,CASTHMA,4553,80956
Meigs,47121,47121960300,10.5,CASTHMA,3967,11753
Monroe,47123,47123925100,10.9,CASTHMA,8292,44519
Sevier,47155,47155080700,11,CASTHMA,7709,89888
Shelby,47157,47157004200,8.7,CASTHMA,2348,927641
Shelby,47157,47157006400,11.7,CASTHMA,1585,927641
Shelby,47157,47157008700,10.1,CASTHMA,4768,927641
Shelby,47157,47157009200,9.1,CASTHMA,7200,927641
Shelby,47157,47157010610,13.3,CASTHMA,7051,927641
Shelby,47157,47157021420,8.8,CASTHMA,3244,927641
Sumner,47165,47165020404,10.4,CASTHMA,1946,160645
Wayne,47181,47181950300,11.2,CASTHMA,3782,17021
Knox,47093,47093006600,10.9,CASTHMA,3101,432226
Hamilton,47065,47065010901,10,CASTHMA,1457,336460
Dyer,47045,47045964200,10.8,CASTHMA,5855,38335
Claiborne,47025,47025970600,10.7,CASTHMA,4190,32213
Davidson,47037,47037013201,9.6,CASTHMA,2936,626681
Cannon,47015,47015960300,10.1,CASTHMA,3340,13801
Cocke,47029,47029920700,11.3,CASTHMA,4212,35658
Giles,47055,47055920100,10.8,CASTHMA,3362,29485
Campbell,47013,47013950800,10.3,CASTHMA,2374,40716
Anderson,47001,47001020100,11.3,CASTHMA,3111,75129
Davidson,47037,47037018401,10.4,CASTHMA,5992,626681
Bradley,47011,47011010700,12.6,CASTHMA,4818,98963
Decatur,47039,47039955102,10.4,CASTHMA,3001,11757
Carter,47019,47019070400,12,CASTHMA,2260,57424
Campbell,47013,47013950900,11.8,CASTHMA,2999,40716
Fayette,47047,47047060404,10.3,CASTHMA,5200,38413
Giles,47055,47055920800,10.8,CASTHMA,2998,29485
Davidson,47037,47037011200,10.2,CASTHMA,4133,626681
Davidson,47037,47037018500,8.6,CASTHMA,5328,626681
Cocke,47029,47029920300,11,CASTHMA,4022,35658
Davidson,47037,47037019115,9.5,CASTHMA,3654,626681
Cumberland,47035,47035970701,10,CASTHMA,1951,56053
Greene,47059,47059091000,11.4,CASTHMA,7790,68831
Gibson,47053,47053966700,11.7,CASTHMA,5925,49679
Coffee,47031,47031970700,11.1,CASTHMA,4290,52782
Chester,47023,47023970100,10.6,CASTHMA,5870,17131
Davidson,47037,47037012702,12,CASTHMA,2376,626681
Davidson,47037,47037016100,11.9,CASTHMA,2047,626681
Cocke,47029,47029920200,11.9,CASTHMA,5988,35658
Cumberland,47035,47035970302,11,CASTHMA,4414,56053
Davidson,47037,47037016400,11,CASTHMA,4402,626681
Davidson,47037,47037017401,10.8,CASTHMA,2238,626681
Davidson,47037,47037015628,11.6,CASTHMA,3224,626681
Davidson,47037,47037015609,10,CASTHMA,3411,626681
Franklin,47051,47051960202,10.5,CASTHMA,5257,41052
Campbell,47013,47013950100,12.1,CASTHMA,3274,40716
Carter,47019,47019071300,11.1,CASTHMA,7317,57424
Davidson,47037,47037014200,15.5,CASTHMA,2249,626681
Cumberland,47035,47035970400,11.5,CASTHMA,6089,56053
Dyer,47045,47045964300,11.4,CASTHMA,5640,38335
Coffee,47031,47031970801,10.6,CASTHMA,3932,52782
Davidson,47037,47037015625,10.3,CASTHMA,4906,626681
Carroll,47017,47017962400,10.8,CASTHMA,2599,28522
Bradley,47011,47011011401,10.5,CASTHMA,7617,98963
Davidson,47037,47037011500,10.1,CASTHMA,3724,626681
Campbell,47013,47013950200,12.5,CASTHMA,2580,40716
Davidson,47037,47037019005,12.7,CASTHMA,3172,626681
Dickson,47043,47043060300,11,CASTHMA,6376,49666
Bradley,47011,47011011602,11.2,CASTHMA,4790,98963
DeKalb,47041,47041920101,10.4,CASTHMA,2135,18723
Gibson,47053,47053967000,11.2,CASTHMA,7211,49679
Davidson,47037,47037015700,10.6,CASTHMA,1600,626681
Davidson,47037,47037019118,11.8,CASTHMA,4780,626681
Chester,47023,47023970200,12,CASTHMA,5482,17131
Grainger,47057,47057500200,10.5,CASTHMA,4692,22657
Cumberland,47035,47035970800,11.2,CASTHMA,4085,56053
Davidson,47037,47037017902,8.7,CASTHMA,4326,626681
Fayette,47047,47047060600,11.3,CASTHMA,4072,38413
Carroll,47017,47017962500,10.7,CASTHMA,2329,28522
Claiborne,47025,47025970100,11.4,CASTHMA,2710,32213
Coffee,47031,47031970802,9.7,CASTHMA,5982,52782
Carroll,47017,47017962201,11.3,CASTHMA,3183,28522
Davidson,47037,47037016600,9.6,CASTHMA,2436,626681
Benton,47005,47005963000,10.6,CASTHMA,3409,16489
Campbell,47013,47013950400,11.1,CASTHMA,4804,40716
Cocke,47029,47029920400,11.5,CASTHMA,1678,35658
Greene,47059,47059090400,10.5,CASTHMA,5432,68831
Franklin,47051,47051960400,10.3,CASTHMA,7240,41052
Gibson,47053,47053966300,11,CASTHMA,2609,49679
Davidson,47037,47037010701,11,CASTHMA,4431,626681
Clay,47027,47027955000,11.3,CASTHMA,5051,7861
Dickson,47043,47043060200,11,CASTHMA,6625,49666
Davidson,47037,47037014800,17.4,CASTHMA,3127,626681
Cheatham,47021,47021070202,10.7,CASTHMA,5179,39105
Cumberland,47035,47035970101,9.2,CASTHMA,3423,56053
Davidson,47037,47037015502,10.3,CASTHMA,3924,626681
Davidson,47037,47037018408,9.1,CASTHMA,3417,626681
Greene,47059,47059090100,12,CASTHMA,6613,68831
Grainger,47057,47057500300,11.1,CASTHMA,6337,22657
Coffee,47031,47031970400,11,CASTHMA,6442,52782
Bedford,47003,47003950600,11.1,CASTHMA,6979,45058
Davidson,47037,47037013900,14.4,CASTHMA,1646,626681
Giles,47055,47055920500,11.2,CASTHMA,4510,29485
Greene,47059,47059091400,10.8,CASTHMA,2741,68831
Claiborne,47025,47025970200,10.5,CASTHMA,3068,32213
Blount,47009,47009010500,11.3,CASTHMA,2700,122983
Blount,47009,47009011402,10.2,CASTHMA,4437,122983
Davidson,47037,47037018801,9,CASTHMA,5462,626681
Fayette,47047,47047060701,10,CASTHMA,2242,38413
Carter,47019,47019070100,11,CASTHMA,1995,57424
Clay,47027,47027955100,11.1,CASTHMA,2810,7861
Davidson,47037,47037019108,11.9,CASTHMA,3248,626681
Bradley,47011,47011011300,10.5,CASTHMA,7259,98963
Gibson,47053,47053967100,10,CASTHMA,5850,49679
Fentress,47049,47049965000,10.6,CASTHMA,3174,17959
Carter,47019,47019071700,10.8,CASTHMA,3932,57424
Davidson,47037,47037010502,11,CASTHMA,4706,626681
Carter,47019,47019070300,11.7,CASTHMA,5802,57424
Davidson,47037,47037017000,10.9,CASTHMA,3865,626681
Davidson,47037,47037015613,10.9,CASTHMA,6223,626681
Franklin,47051,47051960600,11.1,CASTHMA,5040,41052
Giles,47055,47055920700,10.4,CASTHMA,1794,29485
Davidson,47037,47037019006,11.3,CASTHMA,5473,626681
Blount,47009,47009010301,10.4,CASTHMA,5275,122983
Greene,47059,47059090800,10.9,CASTHMA,4256,68831
Davidson,47037,47037010105,11.4,CASTHMA,4268,626681
Carter,47019,47019071400,11.3,CASTHMA,3501,57424
Greene,47059,47059090500,11,CASTHMA,6935,68831
Davidson,47037,47037019300,16.5,CASTHMA,3523,626681
Carter,47019,47019070600,12.1,CASTHMA,2639,57424
Davidson,47037,47037010201,10.9,CASTHMA,4041,626681
Davidson,47037,47037017100,9.7,CASTHMA,1749,626681
Davidson,47037,47037018905,10,CASTHMA,2898,626681
Anderson,47001,47001020902,10.6,CASTHMA,5815,75129
Gibson,47053,47053966500,11.2,CASTHMA,6051,49679
Coffee,47031,47031970500,10.1,CASTHMA,5536,52782
DeKalb,47041,47041920300,10.4,CASTHMA,5447,18723
Carter,47019,47019070900,10.9,CASTHMA,3399,57424
Bradley,47011,47011010600,10.8,CASTHMA,3196,98963
Davidson,47037,47037019200,10.9,CASTHMA,3497,626681
Davidson,47037,47037016800,9.2,CASTHMA,4194,626681
Davidson,47037,47037010702,12,CASTHMA,3034,626681
Davidson,47037,47037012802,13.1,CASTHMA,4546,626681
Carter,47019,47019070200,10.5,CASTHMA,3890,57424
Davidson,47037,47037013202,10.2,CASTHMA,3287,626681
Davidson,47037,47037017300,10.4,CASTHMA,3368,626681
Davidson,47037,47037015100,9.5,CASTHMA,4026,626681
Davidson,47037,47037012701,13.8,CASTHMA,5150,626681
Carroll,47017,47017962202,10.7,CASTHMA,4469,28522
Campbell,47013,47013950500,10.7,CASTHMA,5213,40716
Bradley,47011,47011010300,12.4,CASTHMA,2570,98963
Campbell,47013,47013951000,11.5,CASTHMA,2604,40716
Grainger,47057,47057500100,11.6,CASTHMA,3955,22657
Franklin,47051,47051960201,9.8,CASTHMA,6046,41052
Bradley,47011,47011011100,10.7,CASTHMA,9732,98963
Davidson,47037,47037016000,12.3,CASTHMA,874,626681
Bradley,47011,47011010800,13.1,CASTHMA,3327,98963
Davidson,47037,47037010904,14.1,CASTHMA,2888,626681
Davidson,47037,47037019600,10.8,CASTHMA,3764,626681
Gibson,47053,47053966900,13.9,CASTHMA,2658,49679
Davidson,47037,47037010303,11.3,CASTHMA,4539,626681
Carter,47019,47019070500,10.9,CASTHMA,4108,57424
Blount,47009,47009011101,9.9,CASTHMA,5223,122983
Dyer,47045,47045964800,10.6,CASTHMA,3415,38335
Davidson,47037,47037018803,9.2,CASTHMA,3149,626681
Dickson,47043,47043060402,10.3,CASTHMA,6002,49666
Cheatham,47021,47021070102,10.3,CASTHMA,4243,39105
Davidson,47037,47037012801,12.8,CASTHMA,4835,626681
Davidson,47037,47037018202,10.7,CASTHMA,6486,626681
Fayette,47047,47047060401,10.6,CASTHMA,2897,38413
Davidson,47037,47037013000,8.1,CASTHMA,1938,626681
Bradley,47011,47011011402,11.6,CASTHMA,2938,98963
Carter,47019,47019071000,11.2,CASTHMA,2976,57424
Davidson,47037,47037010103,10.4,CASTHMA,2377,626681
Davidson,47037,47037017500,10.9,CASTHMA,2951,626681
Dickson,47043,47043060700,10.7,CASTHMA,4388,49666
Fentress,47049,47049965100,11.9,CASTHMA,4531,17959
Cheatham,47021,47021070103,10.7,CASTHMA,3643,39105
Dyer,47045,47045964900,10.5,CASTHMA,4965,38335
Greene,47059,47059090900,10.5,CASTHMA,5215,68831
Davidson,47037,47037018302,9.3,CASTHMA,2651,626681
Gibson,47053,47053966400,10.7,CASTHMA,5197,49679
Davidson,47037,47037011600,10,CASTHMA,4751,626681
Davidson,47037,47037010402,12.5,CASTHMA,5588,626681
Bradley,47011,47011011202,10.4,CASTHMA,8917,98963
Cannon,47015,47015960200,10.7,CASTHMA,6602,13801
Greene,47059,47059090600,10.5,CASTHMA,3919,68831
Bedford,47003,47003950300,10.5,CASTHMA,3532,45058
Coffee,47031,47031970200,11,CASTHMA,6780,52782
Bledsoe,47007,47007953200,10.3,CASTHMA,4360,12876
Bradley,47011,47011011000,11.6,CASTHMA,6058,98963
Davidson,47037,47037017800,9.8,CASTHMA,5145,626681
Blount,47009,47009011602,10.3,CASTHMA,9061,122983
Anderson,47001,47001020300,10.2,CASTHMA,3822,75129
Fayette,47047,47047060502,11,CASTHMA,4044,38413
Dickson,47043,47043060602,11.5,CASTHMA,6538,49666
Davidson,47037,47037017701,9.1,CASTHMA,2081,626681
Anderson,47001,47001021202,11.1,CASTHMA,5372,75129
Anderson,47001,47001020600,9.6,CASTHMA,2427,75129
Benton,47005,47005963100,10.6,CASTHMA,3074,16489
Anderson,47001,47001020700,11.7,CASTHMA,1668,75129
DeKalb,47041,47041920200,11.3,CASTHMA,6763,18723
Davidson,47037,47037019109,11,CASTHMA,4692,626681
Carroll,47017,47017962300,10.8,CASTHMA,4672,28522
Franklin,47051,47051960500,10.6,CASTHMA,3850,41052
Benton,47005,47005963300,11,CASTHMA,3692,16489
Davidson,47037,47037018902,9.5,CASTHMA,2454,626681
Giles,47055,47055920600,10.9,CASTHMA,2814,29485
Carroll,47017,47017962000,11,CASTHMA,4447,28522
Davidson,47037,47037013601,14.3,CASTHMA,3616,626681
Campbell,47013,47013950300,11.9,CASTHMA,1896,40716
Davidson,47037,47037015624,10.3,CASTHMA,4509,626681
Davidson,47037,47037019114,9.9,CASTHMA,9429,626681
Campbell,47013,47013950700,11.7,CASTHMA,4702,40716
Campbell,47013,47013950600,11.7,CASTHMA,4684,40716
Anderson,47001,47001021302,10.6,CASTHMA,7376,75129
Blount,47009,47009011501,10.3,CASTHMA,1738,122983
Davidson,47037,47037015402,10.3,CASTHMA,4109,626681
Bledsoe,47007,47007953100,11.1,CASTHMA,5195,12876
Benton,47005,47005963200,11.1,CASTHMA,2088,16489
Bradley,47011,47011010900,11.3,CASTHMA,2880,98963
Blount,47009,47009011605,9.7,CASTHMA,3278,122983
Blount,47009,47009010700,10,CASTHMA,4680,122983
Davidson,47037,47037019105,11,CASTHMA,5502,626681
Blount,47009,47009011002,10.3,CASTHMA,3986,122983
Davidson,47037,47037018405,9.4,CASTHMA,4760,626681
Fayette,47047,47047060403,10,CASTHMA,3945,38413
Cheatham,47021,47021070201,9.7,CASTHMA,4145,39105
Davidson,47037,47037018602,8.6,CASTHMA,4158,626681
Blount,47009,47009011301,10.3,CASTHMA,5709,122983
Davidson,47037,47037015619,10.5,CASTHMA,4639,626681
Blount,47009,47009010600,10.9,CASTHMA,4243,122983
Blount,47009,47009010800,11.8,CASTHMA,3227,122983
Bedford,47003,47003950401,10.7,CASTHMA,5423,45058
Carter,47019,47019070800,11,CASTHMA,2867,57424
Gibson,47053,47053966600,10.5,CASTHMA,1825,49679
Davidson,47037,47037011100,9.7,CASTHMA,3921,626681
Claiborne,47025,47025970500,11.1,CASTHMA,2876,32213
Coffee,47031,47031970600,10.3,CASTHMA,4005,52782
Davidson,47037,47037015614,10.7,CASTHMA,4245,626681
Davidson,47037,47037010301,10.8,CASTHMA,3676,626681
Davidson,47037,47037019117,10.6,CASTHMA,3948,626681
Davidson,47037,47037014400,13.4,CASTHMA,1250,626681
Franklin,47051,47051960800,10.7,CASTHMA,3040,41052
Claiborne,47025,47025970700,11.5,CASTHMA,5744,32213
Crockett,47033,47033961400,11.1,CASTHMA,3821,14586
Cocke,47029,47029920502,10.7,CASTHMA,5170,35658
Davidson,47037,47037018407,9.3,CASTHMA,3813,626681
Davidson,47037,47037019003,10.5,CASTHMA,5032,626681
Cheatham,47021,47021070401,10,CASTHMA,2507,39105
Davidson,47037,47037015612,10.8,CASTHMA,6772,626681
Davidson,47037,47037014300,13,CASTHMA,1816,626681
Blount,47009,47009011503,9.9,CASTHMA,6789,122983
Davidson,47037,47037011300,11.8,CASTHMA,5317,626681
Dyer,47045,47045964600,10.8,CASTHMA,2716,38335
Davidson,47037,47037013100,10.8,CASTHMA,2190,626681
Davidson,47037,47037010501,10.4,CASTHMA,5029,626681
Bedford,47003,47003950402,11.6,CASTHMA,6901,45058
DeKalb,47041,47041920102,11,CASTHMA,4378,18723
Davidson,47037,47037011400,11.9,CASTHMA,4461,626681
Davidson,47037,47037015300,9.4,CASTHMA,5804,626681
Claiborne,47025,47025970400,11.8,CASTHMA,936,32213
Davidson,47037,47037012100,9.1,CASTHMA,2431,626681
Davidson,47037,47037017702,10.1,CASTHMA,4382,626681
Davidson,47037,47037015610,9.9,CASTHMA,7820,626681
Davidson,47037,47037011900,11.3,CASTHMA,2429,626681
Davidson,47037,47037013700,13.3,CASTHMA,5834,626681
Cumberland,47035,47035970702,11,CASTHMA,4561,56053
Davidson,47037,47037011800,12.7,CASTHMA,2673,626681
Davidson,47037,47037015627,11.3,CASTHMA,2683,626681
Davidson,47037,47037016300,11.9,CASTHMA,2189,626681
Davidson,47037,47037010601,10.8,CASTHMA,5007,626681
Davidson,47037,47037018904,10.2,CASTHMA,3844,626681
Davidson,47037,47037019116,10.5,CASTHMA,6340,626681
Carroll,47017,47017962100,11,CASTHMA,6823,28522
Benton,47005,47005963400,11.5,CASTHMA,4226,16489
Bradley,47011,47011011201,10.5,CASTHMA,6054,98963
Davidson,47037,47037017901,8.8,CASTHMA,4455,626681
Carter,47019,47019071200,11.9,CASTHMA,3914,57424
Giles,47055,47055920300,10.5,CASTHMA,6441,29485
Davidson,47037,47037015629,11,CASTHMA,4379,626681
Davidson,47037,47037010802,10.7,CASTHMA,3274,626681
Cumberland,47035,47035970501,11.3,CASTHMA,2516,56053
Claiborne,47025,47025970800,11.5,CASTHMA,3929,32213
Carter,47019,47019070700,10.6,CASTHMA,3376,57424
Davidson,47037,47037010901,10.8,CASTHMA,2952,626681
Giles,47055,47055920400,10.8,CASTHMA,2831,29485
Cheatham,47021,47021070104,10.9,CASTHMA,5307,39105
Blount,47009,47009011604,9.9,CASTHMA,3757,122983
Davidson,47037,47037015617,10.7,CASTHMA,2368,626681
Davidson,47037,47037016500,11.5,CASTHMA,4478,626681
Grundy,47061,47061955300,11.3,CASTHMA,5291,13703
Davidson,47037,47037015631,11,CASTHMA,8758,626681
Davidson,47037,47037010202,9.6,CASTHMA,3530,626681
Bedford,47003,47003950500,11.6,CASTHMA,5928,45058
Cheatham,47021,47021070203,10.2,CASTHMA,3543,39105
Blount,47009,47009011302,10.4,CASTHMA,5290,122983
Greene,47059,47059091100,10.6,CASTHMA,3576,68831
Coffee,47031,47031970900,12.7,CASTHMA,4093,52782
Davidson,47037,47037018101,11.7,CASTHMA,4700,626681
Davidson,47037,47037018700,8.6,CASTHMA,3362,626681
Davidson,47037,47037010903,13.4,CASTHMA,4810,626681
Davidson,47037,47037011700,10.5,CASTHMA,6044,626681
Davidson,47037,47037010302,11.3,CASTHMA,2104,626681
Coffee,47031,47031971000,11,CASTHMA,6052,52782
Dyer,47045,47045964000,10.9,CASTHMA,6978,38335
Davidson,47037,47037011002,11,CASTHMA,2643,626681
Claiborne,47025,47025970300,11.5,CASTHMA,4340,32213
Coffee,47031,47031970300,10.7,CASTHMA,1828,52782
Fentress,47049,47049965300,11,CASTHMA,4752,17959
Bledsoe,47007,47007953000,11.7,CASTHMA,3321,12876
Claiborne,47025,47025970900,11.6,CASTHMA,4420,32213
Anderson,47001,47001021301,10.5,CASTHMA,3302,75129
Davidson,47037,47037019004,11.1,CASTHMA,4407,626681
Blount,47009,47009011001,9.9,CASTHMA,5524,122983
Cocke,47029,47029920600,11.4,CASTHMA,4653,35658
Anderson,47001,47001020901,10.2,CASTHMA,5837,75129
Davidson,47037,47037012200,9.8,CASTHMA,2056,626681
Anderson,47001,47001020201,8.9,CASTHMA,3670,75129
Davidson,47037,47037018409,9.2,CASTHMA,4010,626681
Davidson,47037,47037010104,10.6,CASTHMA,3070,626681
Bedford,47003,47003950200,10.3,CASTHMA,6909,45058
Cumberland,47035,47035970502,11.4,CASTHMA,4024,56053
Cumberland,47035,47035970601,10.2,CASTHMA,4688,56053
Cocke,47029,47029920501,12.5,CASTHMA,5971,35658
Anderson,47001,47001020202,9.5,CASTHMA,4507,75129
Greene,47059,47059091200,11,CASTHMA,3529,68831
Davidson,47037,47037016700,9.1,CASTHMA,5398,626681
Crockett,47033,47033961000,11.1,CASTHMA,2268,14586
Dickson,47043,47043060502,10.3,CASTHMA,3136,49666
Decatur,47039,47039955001,10.5,CASTHMA,1904,11757
Crockett,47033,47033961100,11.3,CASTHMA,4247,14586
Cumberland,47035,47035970200,10.5,CASTHMA,6142,56053
Blount,47009,47009011603,10.5,CASTHMA,4801,122983
Davidson,47037,47037018410,10.2,CASTHMA,2770,626681
Davidson,47037,47037019500,9,CASTHMA,5916,626681
Davidson,47037,47037015802,11.2,CASTHMA,5882,626681
Coffee,47031,47031970100,10.7,CASTHMA,3842,52782
Cumberland,47035,47035970602,10.2,CASTHMA,3424,56053
Dickson,47043,47043060401,9.8,CASTHMA,2986,49666
Carter,47019,47019071100,11.4,CASTHMA,1709,57424
Fayette,47047,47047060800,10.9,CASTHMA,2717,38413
Davidson,47037,47037015405,10.5,CASTHMA,4401,626681
Davidson,47037,47037011001,13.1,CASTHMA,5953,626681
Cheatham,47021,47021070300,10.7,CASTHMA,3625,39105
Davidson,47037,47037013602,15.9,CASTHMA,2120,626681
Crockett,47033,47033961200,10.8,CASTHMA,1895,14586
Davidson,47037,47037010602,11.8,CASTHMA,3442,626681
Davidson,47037,47037010401,11.4,CASTHMA,4494,626681
Bedford,47003,47003950800,10.2,CASTHMA,2951,45058
Davidson,47037,47037019112,10.3,CASTHMA,3912,626681
Davidson,47037,47037013400,9.4,CASTHMA,3746,626681
Gibson,47053,47053967400,11,CASTHMA,3635,49679
Fayette,47047,47047060402,10.3,CASTHMA,3291,38413
Dyer,47045,47045964400,12.8,CASTHMA,6420,38335
Davidson,47037,47037015401,9.8,CASTHMA,5642,626681
Davidson,47037,47037015803,11.3,CASTHMA,2771,626681
Dickson,47043,47043060100,10.3,CASTHMA,4210,49666
Cumberland,47035,47035970603,10.2,CASTHMA,1998,56053
Davidson,47037,47037015804,10.7,CASTHMA,4294,626681
Davidson,47037,47037015615,11.9,CASTHMA,4775,626681
Davidson,47037,47037013800,13,CASTHMA,1623,626681
Davidson,47037,47037012600,12.4,CASTHMA,1999,626681
Franklin,47051,47051960100,11.2,CASTHMA,3654,41052
Davidson,47037,47037015501,10.1,CASTHMA,3383,626681
Davidson,47037,47037016900,9.4,CASTHMA,4514,626681
Anderson,47001,47001020400,11,CASTHMA,4508,75129
Gibson,47053,47053966800,10.3,CASTHMA,1273,49679
Greene,47059,47059091500,10.6,CASTHMA,3208,68831
Fayette,47047,47047060702,9.9,CASTHMA,2603,38413
Gibson,47053,47053966200,11.1,CASTHMA,3712,49679
Davidson,47037,47037018203,8.6,CASTHMA,1434,626681
Davidson,47037,47037015623,11.8,CASTHMA,5335,626681
Decatur,47039,47039955101,10.9,CASTHMA,1828,11757
Davidson,47037,47037018102,9,CASTHMA,3529,626681
Davidson,47037,47037018404,9.8,CASTHMA,4407,626681
Davidson,47037,47037019106,9.9,CASTHMA,3710,626681
Bedford,47003,47003950100,10.1,CASTHMA,3672,45058
Greene,47059,47059090200,10.5,CASTHMA,3100,68831
Davidson,47037,47037015630,11.4,CASTHMA,3189,626681
Grainger,47057,47057500401,11.7,CASTHMA,2657,22657
Davidson,47037,47037015620,11.4,CASTHMA,7033,626681
Davidson,47037,47037018201,8.9,CASTHMA,2958,626681
Davidson,47037,47037013500,10.4,CASTHMA,1936,626681
Davidson,47037,47037016200,12.9,CASTHMA,3299,626681
Davidson,47037,47037018601,8.8,CASTHMA,2286,626681
Grundy,47061,47061955200,11.6,CASTHMA,4075,13703
Giles,47055,47055920200,11.5,CASTHMA,4735,29485
Dickson,47043,47043060601,11.4,CASTHMA,3647,49666
Davidson,47037,47037019400,11,CASTHMA,3639,626681
Cheatham,47021,47021070402,10.1,CASTHMA,6913,39105
Cumberland,47035,47035970102,9.4,CASTHMA,5392,56053
Fayette,47047,47047060501,12.3,CASTHMA,4451,38413
Dyer,47045,47045964500,10.5,CASTHMA,2346,38335
Davidson,47037,47037015200,9.9,CASTHMA,2578,626681
Dickson,47043,47043060501,10.5,CASTHMA,5758,49666
Davidson,47037,47037015900,12.8,CASTHMA,2864,626681
Franklin,47051,47051960300,10.4,CASTHMA,3167,41052
Davidson,47037,47037015622,10.1,CASTHMA,3913,626681
Davidson,47037,47037018000,8.9,CASTHMA,4742,626681
Davidson,47037,47037015404,10.2,CASTHMA,2926,626681
Blount,47009,47009011102,9.6,CASTHMA,8743,122983
Davidson,47037,47037017200,10.6,CASTHMA,1335,626681
Blount,47009,47009010200,10.3,CASTHMA,5721,122983
Blount,47009,47009011200,10.7,CASTHMA,7915,122983
Bradley,47011,47011011500,10.9,CASTHMA,7743,98963
Bradley,47011,47011010200,10.7,CASTHMA,5082,98963
Davidson,47037,47037015618,11,CASTHMA,5712,626681
Franklin,47051,47051960700,10.2,CASTHMA,3758,41052
Bradley,47011,47011011601,10.9,CASTHMA,4986,98963
Blount,47009,47009010900,10.5,CASTHMA,5812,122983
Davidson,47037,47037019111,11.3,CASTHMA,4163,626681
Anderson,47001,47001020500,11.7,CASTHMA,3864,75129
Blount,47009,47009011401,10.7,CASTHMA,1778,122983
Anderson,47001,47001021201,10.6,CASTHMA,4887,75129
Chester,47023,47023970300,10.5,CASTHMA,5779,17131
Davidson,47037,47037018901,10.9,CASTHMA,2683,626681
Davidson,47037,47037019110,10.8,CASTHMA,3749,626681
Davidson,47037,47037015626,12,CASTHMA,5820,626681
Anderson,47001,47001021000,10.9,CASTHMA,6108,75129
Davidson,47037,47037013300,10,CASTHMA,4004,626681
Bradley,47011,47011010400,13.6,CASTHMA,2500,98963
Hamblen,47063,47063100100,11.8,CASTHMA,6546,62544
Gibson,47053,47053966100,11,CASTHMA,2568,49679
Grundy,47061,47061955000,11.5,CASTHMA,2770,13703
Bradley,47011,47011010500,12.7,CASTHMA,3777,98963
Fentress,47049,47049965200,10.8,CASTHMA,5502,17959
Gibson,47053,47053967300,10.3,CASTHMA,1165,49679
Campbell,47013,47013951100,10.6,CASTHMA,5586,40716
Greene,47059,47059090300,10.4,CASTHMA,5593,68831
Crockett,47033,47033961300,11,CASTHMA,2355,14586
Decatur,47039,47039955002,11,CASTHMA,5024,11757
Fayette,47047,47047060300,11.9,CASTHMA,2951,38413
Davidson,47037,47037010801,11.4,CASTHMA,5363,626681
Davidson,47037,47037010106,11.9,CASTHMA,2668,626681
Blount,47009,47009010400,10.4,CASTHMA,3217,122983
Bradley,47011,47011010100,10.7,CASTHMA,4719,98963
Cumberland,47035,47035970301,11,CASTHMA,3346,56053
Davidson,47037,47037018301,9.6,CASTHMA,7368,626681
Bedford,47003,47003950700,10.8,CASTHMA,2763,45058
Anderson,47001,47001021100,9.4,CASTHMA,3980,75129
Blount,47009,47009010100,11.9,CASTHMA,2718,122983
Davidson,47037,47037018804,9,CASTHMA,4868,626681
Greene,47059,47059091300,11.4,CASTHMA,4386,68831
Blount,47009,47009010302,10.5,CASTHMA,3296,122983
Anderson,47001,47001020800,11.5,CASTHMA,4875,75129
Davidson,47037,47037017402,11,CASTHMA,5907,626681
Grainger,47057,47057500402,11.1,CASTHMA,5016,22657
Carter,47019,47019071600,11.7,CASTHMA,1587,57424
Maury,47119,47119010201,9.9,CASTHMA,5685,80956
Knox,47093,47093000100,10.3,CASTHMA,1605,432226
Montgomery,47125,47125100700,11.1,CASTHMA,1382,172331
Hamilton,47065,47065010431,9.9,CASTHMA,6944,336460
Lawrence,47099,47099960800,10.3,CASTHMA,3607,41869
Lake,47095,47095960100,10.9,CASTHMA,5490,7832
Hamilton,47065,47065011321,10.1,CASTHMA,6599,336460
Lawrence,47099,47099960300,11.6,CASTHMA,5306,41869
Loudon,47105,47105060202,11.4,CASTHMA,7604,48556
Montgomery,47125,47125100601,9.2,CASTHMA,2121,172331
Jefferson,47089,47089070600,10.7,CASTHMA,4696,51407
Knox,47093,47093004610,10.5,CASTHMA,4955,432226
Knox,47093,47093005809,8.8,CASTHMA,4894,432226
Maury,47119,47119011001,10.6,CASTHMA,2719,80956
Knox,47093,47093005604,9.6,CASTHMA,2700,432226
Madison,47113,47113000900,14.3,CASTHMA,2342,98294
Hamilton,47065,47065011001,10.6,CASTHMA,1781,336460
Montgomery,47125,47125101500,10.5,CASTHMA,7322,172331
Macon,47111,47111970300,11.4,CASTHMA,7449,22248
Knox,47093,47093006402,10.1,CASTHMA,4611,432226
Knox,47093,47093006003,9.5,CASTHMA,4297,432226
Knox,47093,47093005803,9.2,CASTHMA,2635,432226
Madison,47113,47113001300,11.1,CASTHMA,6139,98294
Hamilton,47065,47065000600,9.7,CASTHMA,3003,336460
Marshall,47117,47117955000,10.3,CASTHMA,6801,30617
Madison,47113,47113001608,9.9,CASTHMA,2305,98294
Montgomery,47125,47125101103,11,CASTHMA,2445,172331
Houston,47083,47083120100,10.8,CASTHMA,3228,8426
Montgomery,47125,47125101803,9.4,CASTHMA,5840,172331
Lincoln,47103,47103975500,11.2,CASTHMA,5003,33361
Madison,47113,47113001700,10.6,CASTHMA,1620,98294
Jefferson,47089,47089070200,10.8,CASTHMA,4751,51407
Montgomery,47125,47125100200,11.3,CASTHMA,1670,172331
McMinn,47107,47107970300,11.5,CASTHMA,3328,52266
Monroe,47123,47123925501,11.9,CASTHMA,3046,44519
Lauderdale,47097,47097050600,12.8,CASTHMA,2279,27815
Knox,47093,47093004404,9.4,CASTHMA,3527,432226
Lawrence,47099,47099960501,11.6,CASTHMA,4336,41869
Hardeman,47069,47069950500,11.1,CASTHMA,4463,27253
Hamilton,47065,47065010103,10.5,CASTHMA,3556,336460
Lauderdale,47097,47097050200,11.9,CASTHMA,3637,27815
Montgomery,47125,47125101304,11.3,CASTHMA,4867,172331
Hamilton,47065,47065010305,10.8,CASTHMA,3090,336460
Hamilton,47065,47065011700,10.9,CASTHMA,4341,336460
Montgomery,47125,47125100800,14.5,CASTHMA,2958,172331
Madison,47113,47113001401,10.7,CASTHMA,2047,98294
Knox,47093,47093005502,11.1,CASTHMA,3339,432226
Montgomery,47125,47125101904,9.4,CASTHMA,1734,172331
Loudon,47105,47105060100,10.2,CASTHMA,4729,48556
Madison,47113,47113001800,10.7,CASTHMA,3241,98294
Montgomery,47125,47125101306,11,CASTHMA,4632,172331
Humphreys,47085,47085130200,10.6,CASTHMA,1897,18538
Jefferson,47089,47089070500,10.7,CASTHMA,5373,51407
Marshall,47117,47117955400,10.5,CASTHMA,3934,30617
Knox,47093,47093006301,10.4,CASTHMA,3559,432226
McNairy,47109,47109930700,11.2,CASTHMA,3202,26075
Montgomery,47125,47125101002,11.4,CASTHMA,3645,172331
Hamilton,47065,47065011324,9.6,CASTHMA,3989,336460
Lewis,47101,47101970200,11.3,CASTHMA,7632,12161
Knox,47093,47093005908,9.8,CASTHMA,4844,432226
Montgomery,47125,47125101307,11.1,CASTHMA,2310,172331
Knox,47093,47093005708,8.9,CASTHMA,3069,432226
Monroe,47123,47123925000,10.3,CASTHMA,7528,44519
Marion,47115,47115050201,10.9,CASTHMA,4641,28237
Knox,47093,47093004200,10,CASTHMA,3168,432226
Knox,47093,47093004900,9.9,CASTHMA,5204,432226
Hamilton,47065,47065000800,10.9,CASTHMA,1348,336460
Montgomery,47125,47125101400,10.3,CASTHMA,5755,172331
Montgomery,47125,47125100300,11.6,CASTHMA,5221,172331
Knox,47093,47093001900,13.8,CASTHMA,1594,432226
Madison,47113,47113001100,14.4,CASTHMA,1065,98294
Hamilton,47065,47065010435,10.7,CASTHMA,5817,336460
Hamblen,47063,47063100400,11.2,CASTHMA,6050,62544
Hawkins,47073,47073050503,10.4,CASTHMA,4641,56833
Hamilton,47065,47065010413,10,CASTHMA,3935,336460
Knox,47093,47093004606,9.5,CASTHMA,6384,432226
Loudon,47105,47105060600,10.8,CASTHMA,4447,48556
Knox,47093,47093005704,9.4,CASTHMA,5864,432226
Hamblen,47063,47063100200,11.4,CASTHMA,5439,62544
Knox,47093,47093005603,9.5,CASTHMA,3374,432226
Knox,47093,47093005602,9.9,CASTHMA,4047,432226
Knox,47093,47093005808,9.1,CASTHMA,5232,432226
Macon,47111,47111970100,11.4,CASTHMA,4913,22248
Hamilton,47065,47065010307,10.6,CASTHMA,5668,336460
Hamilton,47065,47065011203,10.2,CASTHMA,6235,336460
Hamilton,47065,47065002400,13.4,CASTHMA,4256,336460
Lawrence,47099,47099960200,10.9,CASTHMA,2464,41869
Hamblen,47063,47063101100,10.2,CASTHMA,5229,62544
Hamblen,47063,47063100300,14,CASTHMA,3252,62544
Hamilton,47065,47065011204,10.6,CASTHMA,5055,336460
Knox,47093,47093005301,10.2,CASTHMA,4257,432226
Hamilton,47065,47065002300,13.4,CASTHMA,1492,336460
Montgomery,47125,47125100602,10.1,CASTHMA,2615,172331
Hamilton,47065,47065000400,14.5,CASTHMA,3143,336460
Hamilton,47065,47065001100,11.7,CASTHMA,1774,336460
Knox,47093,47093004607,9.7,CASTHMA,5952,432226
Jefferson,47089,47089070800,10.5,CASTHMA,7086,51407
Knox,47093,47093000800,13,CASTHMA,3413,432226
Hamilton,47065,47065010411,9.9,CASTHMA,6630,336460
Hamilton,47065,47065002800,10.5,CASTHMA,3832,336460
Knox,47093,47093003700,10.4,CASTHMA,2948,432226
Montgomery,47125,47125100900,12.3,CASTHMA,2910,172331
Hamilton,47065,47065010903,10.5,CASTHMA,6108,336460
Maury,47119,47119010600,11.5,CASTHMA,4722,80956
Lincoln,47103,47103975100,10.2,CASTHMA,2352,33361
Knox,47093,47093006203,10.1,CASTHMA,5035,432226
Hamilton,47065,47065002000,10.8,CASTHMA,1211,336460
Hamblen,47063,47063101000,10.6,CASTHMA,5263,62544
Knox,47093,47093005000,10.3,CASTHMA,3825,432226
Hamilton,47065,47065010104,11,CASTHMA,3952,336460
Knox,47093,47093002200,10.7,CASTHMA,3965,432226
Maury,47119,47119010202,9.9,CASTHMA,7235,80956
Madison,47113,47113000100,11.8,CASTHMA,3580,98294
Hamilton,47065,47065011442,10.7,CASTHMA,2716,336460
Hamilton,47065,47065010800,11.3,CASTHMA,4120,336460
Hamilton,47065,47065010432,9.3,CASTHMA,6323,336460
McMinn,47107,47107970700,11.3,CASTHMA,4146,52266
Humphreys,47085,47085130400,10.7,CASTHMA,2582,18538
Lauderdale,47097,47097050505,13.5,CASTHMA,4152,27815
Hamilton,47065,47065011201,9.9,CASTHMA,8321,336460
Jefferson,47089,47089070900,10.4,CASTHMA,4352,51407
Hamilton,47065,47065002900,12.1,CASTHMA,2662,336460
Monroe,47123,47123925400,11.1,CASTHMA,8854,44519
Hamilton,47065,47065011326,10.7,CASTHMA,4485,336460
Madison,47113,47113001900,10.1,CASTHMA,4245,98294
Knox,47093,47093004613,10.2,CASTHMA,5149,432226
Hamilton,47065,47065010434,10.3,CASTHMA,1897,336460
Knox,47093,47093006208,11.2,CASTHMA,5299,432226
Marshall,47117,47117955100,10.5,CASTHMA,5460,30617
Hamilton,47065,47065003100,10,CASTHMA,1708,336460
Monroe,47123,47123925300,11.4,CASTHMA,7155,44519
Madison,47113,47113001402,10.3,CASTHMA,2203,98294
Marion,47115,47115050102,10.8,CASTHMA,6069,28237
Madison,47113,47113000400,12.7,CASTHMA,3631,98294
Hamilton,47065,47065010201,10.1,CASTHMA,3414,336460
Hawkins,47073,47073050800,11,CASTHMA,5142,56833
Henderson,47077,47077975100,11.8,CASTHMA,3712,27769
Knox,47093,47093003100,11.1,CASTHMA,2730,432226
Hamilton,47065,47065011443,11.1,CASTHMA,5664,336460
Maury,47119,47119010802,10.9,CASTHMA,6713,80956
Knox,47093,47093003000,11,CASTHMA,4579,432226
Hamilton,47065,47065012000,9,CASTHMA,1832,336460
Hardin,47071,47071920200,11,CASTHMA,4531,26026
Knox,47093,47093007100,8.8,CASTHMA,3673,432226
Lincoln,47103,47103975602,10.2,CASTHMA,4036,33361
Maury,47119,47119011102,10.2,CASTHMA,2661,80956
Knox,47093,47093004614,10,CASTHMA,2835,432226
Knox,47093,47093005100,9.4,CASTHMA,6030,432226
Knox,47093,47093001600,10.3,CASTHMA,2889,432226
Montgomery,47125,47125101202,10.7,CASTHMA,3767,172331
Knox,47093,47093004300,10.6,CASTHMA,2533,432226
Knox,47093,47093003801,10.7,CASTHMA,4268,432226
Knox,47093,47093003802,10.3,CASTHMA,3144,432226
Knox,47093,47093005810,8.7,CASTHMA,3656,432226
Hamilton,47065,47065011002,9.4,CASTHMA,6819,336460
Knox,47093,47093004401,9,CASTHMA,4590,432226
Hardeman,47069,47069950600,12.5,CASTHMA,2782,27253
Knox,47093,47093005903,9.6,CASTHMA,3837,432226
Jackson,47087,47087960200,11,CASTHMA,2294,11638
Hamilton,47065,47065003400,10.9,CASTHMA,4343,336460
Henry,47079,47079969800,10.9,CASTHMA,2349,32330
Johnson,47091,47091956100,10,CASTHMA,4161,18244
Hamilton,47065,47065011323,9.9,CASTHMA,5463,336460
Montgomery,47125,47125101305,10.7,CASTHMA,3145,172331
Hamilton,47065,47065012100,10.7,CASTHMA,5725,336460
Hawkins,47073,47073050502,10.8,CASTHMA,3358,56833
Hamilton,47065,47065011411,11.5,CASTHMA,3910,336460
Knox,47093,47093004615,11.4,CASTHMA,4191,432226
Knox,47093,47093006002,9.6,CASTHMA,5978,432226
McNairy,47109,47109930600,11,CASTHMA,3785,26075
Montgomery,47125,47125101303,10.9,CASTHMA,7913,172331
Hickman,47081,47081950301,10.8,CASTHMA,2970,24690
Knox,47093,47093004700,10,CASTHMA,3947,432226
Hamilton,47065,47065010202,10.7,CASTHMA,4284,336460
Maury,47119,47119010900,10.5,CASTHMA,3416,80956
Hardin,47071,47071920400,12.2,CASTHMA,5037,26026
Hamilton,47065,47065001900,15.2,CASTHMA,3959,336460
Madison,47113,47113001610,9.4,CASTHMA,5275,98294
Hamilton,47065,47065011900,11,CASTHMA,1706,336460
Hamilton,47065,47065001300,13.2,CASTHMA,2064,336460
Knox,47093,47093001800,10.2,CASTHMA,2291,432226
Hamilton,47065,47065010101,10.4,CASTHMA,5947,336460
Hamilton,47065,47065012300,13.1,CASTHMA,4609,336460
Hamblen,47063,47063101200,9.8,CASTHMA,6354,62544
Madison,47113,47113001000,14.4,CASTHMA,2343,98294
Loudon,47105,47105060400,9.9,CASTHMA,4719,48556
Knox,47093,47093001700,11.6,CASTHMA,2560,432226
McMinn,47107,47107970102,10.5,CASTHMA,4655,52266
Knox,47093,47093002400,11.9,CASTHMA,3644,432226
Hamilton,47065,47065002500,14.8,CASTHMA,4773,336460
Knox,47093,47093004403,9.6,CASTHMA,5043,432226
Hamilton,47065,47065011402,12,CASTHMA,5802,336460
Madison,47113,47113000800,13,CASTHMA,1741,98294
Knox,47093,47093005811,8.7,CASTHMA,2948,432226
Knox,47093,47093004800,10.7,CASTHMA,5224,432226
Madison,47113,47113001607,10.3,CASTHMA,5861,98294
Madison,47113,47113001603,10.2,CASTHMA,2362,98294
Hamilton,47065,47065012400,13.5,CASTHMA,5092,336460
Knox,47093,47093003200,12.4,CASTHMA,3179,432226
Montgomery,47125,47125101001,11.1,CASTHMA,4302,172331
Marshall,47117,47117955300,13.2,CASTHMA,4215,30617
Knox,47093,47093004608,10.4,CASTHMA,2884,432226
Knox,47093,47093006700,12.6,CASTHMA,2975,432226
Hardin,47071,47071920500,10.9,CASTHMA,5555,26026
Knox,47093,47093003300,9.7,CASTHMA,2125,432226
Marion,47115,47115050202,11,CASTHMA,5459,28237
Hamblen,47063,47063100600,10.5,CASTHMA,7328,62544
Hamilton,47065,47065001400,11.1,CASTHMA,2066,336460
Hawkins,47073,47073050700,10.8,CASTHMA,3521,56833
Knox,47093,47093005202,10.4,CASTHMA,3511,432226
Henderson,47077,47077975500,11.2,CASTHMA,3955,27769
Lawrence,47099,47099960502,10.7,CASTHMA,4277,41869
Henry,47079,47079969700,10.6,CASTHMA,2320,32330
Knox,47093,47093005710,8.9,CASTHMA,2057,432226
Madison,47113,47113001604,9.6,CASTHMA,2898,98294
Haywood,47075,47075930302,13.2,CASTHMA,2926,18787
Knox,47093,47093005501,10,CASTHMA,2723,432226
Montgomery,47125,47125101903,10.3,CASTHMA,8085,172331
Marion,47115,47115050301,11.4,CASTHMA,5503,28237
Hickman,47081,47081950302,10.7,CASTHMA,4742,24690
Knox,47093,47093006302,10.5,CASTHMA,2793,432226
Henderson,47077,47077975400,12.7,CASTHMA,4636,27769
Knox,47093,47093005907,9.2,CASTHMA,2970,432226
Knox,47093,47093005402,10.6,CASTHMA,3246,432226
Knox,47093,47093006102,10.2,CASTHMA,5223,432226
Knox,47093,47093005807,9.4,CASTHMA,2617,432226
Humphreys,47085,47085130300,10.6,CASTHMA,5599,18538
Johnson,47091,47091956300,11.6,CASTHMA,5743,18244
Knox,47093,47093006401,10.2,CASTHMA,4207,432226
Knox,47093,47093005905,9.8,CASTHMA,1919,432226
McNairy,47109,47109930500,11.1,CASTHMA,7788,26075
Jefferson,47089,47089070700,10.4,CASTHMA,7196,51407
Lake,47095,47095960200,11.6,CASTHMA,2342,7832
Knox,47093,47093006502,10.7,CASTHMA,3251,432226
Knox,47093,47093006206,9.7,CASTHMA,4779,432226
Hamilton,47065,47065002600,13.2,CASTHMA,2734,336460
Knox,47093,47093002300,10.9,CASTHMA,3252,432226
Knox,47093,47093006001,9.5,CASTHMA,3120,432226
Hamilton,47065,47065000700,10.2,CASTHMA,3810,336460
Henderson,47077,47077975000,10.5,CASTHMA,2778,27769
Knox,47093,47093005712,8.9,CASTHMA,8068,432226
Jackson,47087,47087960100,11.1,CASTHMA,1894,11638
Montgomery,47125,47125100500,10.6,CASTHMA,4692,172331
Lincoln,47103,47103975400,10.6,CASTHMA,3692,33361
Hamilton,47065,47065003200,13,CASTHMA,3385,336460
Hamilton,47065,47065010303,10.6,CASTHMA,2942,336460
Loudon,47105,47105060700,10.4,CASTHMA,3006,48556
Hamblen,47063,47063100700,10.5,CASTHMA,5906,62544
Knox,47093,47093000901,10.9,CASTHMA,1755,432226
Maury,47119,47119011101,9.4,CASTHMA,4418,80956
Hamilton,47065,47065010501,10,CASTHMA,6255,336460
Madison,47113,47113001605,12.1,CASTHMA,3043,98294
Knox,47093,47093005302,10,CASTHMA,3722,432226
Hamilton,47065,47065010433,11.1,CASTHMA,5095,336460
Hamilton,47065,47065001800,10.5,CASTHMA,2741,336460
Knox,47093,47093005701,8.8,CASTHMA,4626,432226
McMinn,47107,47107970101,10.6,CASTHMA,6976,52266
Madison,47113,47113000700,11.9,CASTHMA,2519,98294
Lincoln,47103,47103975601,11,CASTHMA,4898,33361
Maury,47119,47119010801,10,CASTHMA,3433,80956
Madison,47113,47113001502,10.3,CASTHMA,5890,98294
McMinn,47107,47107970500,11.2,CASTHMA,3865,52266
Maury,47119,47119011200,10.3,CASTHMA,5905,80956
Lawrence,47099,47099960900,10.8,CASTHMA,2005,41869
Hardin,47071,47071920600,11,CASTHMA,3117,26026
Hawkins,47073,47073050601,10.7,CASTHMA,5986,56833
Lauderdale,47097,47097050300,11.4,CASTHMA,2838,27815
Lawrence,47099,47099960600,11,CASTHMA,2202,41869
Hamilton,47065,47065011444,13,CASTHMA,3813,336460
Henderson,47077,47077975200,10.7,CASTHMA,5490,27769
Haywood,47075,47075930100,10.8,CASTHMA,2811,18787
Hancock,47067,47067960500,11.3,CASTHMA,2809,6819
Knox,47093,47093006900,13.5,CASTHMA,6649,432226
Johnson,47091,47091956000,10.4,CASTHMA,1018,18244
Humphreys,47085,47085130500,10.5,CASTHMA,3061,18538
Jackson,47087,47087960300,11,CASTHMA,5448,11638
McMinn,47107,47107970401,10.8,CASTHMA,3617,52266
Henry,47079,47079969400,12,CASTHMA,2118,32330
Lincoln,47103,47103975700,10.4,CASTHMA,3332,33361
Maury,47119,47119010301,9.8,CASTHMA,6092,80956
Meigs,47121,47121960200,11,CASTHMA,4631,11753
Knox,47093,47093004611,9.2,CASTHMA,3971,432226
Hawkins,47073,47073050100,11,CASTHMA,3709,56833
Knox,47093,47093005201,10,CASTHMA,5693,432226
Loudon,47105,47105060201,10.5,CASTHMA,3496,48556
Montgomery,47125,47125102001,11.1,CASTHMA,4744,172331
McMinn,47107,47107970402,10.1,CASTHMA,5204,52266
Hickman,47081,47081950100,11.2,CASTHMA,5528,24690
Knox,47093,47093005709,9,CASTHMA,1913,432226
Marshall,47117,47117955200,10.4,CASTHMA,5699,30617
Maury,47119,47119010400,10.6,CASTHMA,6084,80956
Madison,47113,47113000300,10.9,CASTHMA,4857,98294
McMinn,47107,47107970600,10.9,CASTHMA,7196,52266
Johnson,47091,47091956200,10.3,CASTHMA,2446,18244
Houston,47083,47083120300,11.4,CASTHMA,2995,8426
Madison,47113,47113001609,9.6,CASTHMA,1701,98294
Hardin,47071,47071920100,10.7,CASTHMA,3921,26026
Knox,47093,47093006403,9.9,CASTHMA,2837,432226
Macon,47111,47111970400,10.8,CASTHMA,4179,22248
Lauderdale,47097,47097050503,10.6,CASTHMA,2443,27815
Macon,47111,47111970200,10.3,CASTHMA,5707,22248
McMinn,47107,47107970200,12,CASTHMA,6007,52266
Jefferson,47089,47089070400,10.9,CASTHMA,3723,51407
McMinn,47107,47107970800,10.8,CASTHMA,7272,52266
Hamilton,47065,47065011100,8.7,CASTHMA,6444,336460
Lawrence,47099,47099960700,10.8,CASTHMA,3841,41869
Henry,47079,47079969100,10.6,CASTHMA,2796,32330
Hickman,47081,47081950400,10.8,CASTHMA,2078,24690
Hickman,47081,47081950200,11.2,CASTHMA,6969,24690
Johnson,47091,47091956400,11.6,CASTHMA,4876,18244
Knox,47093,47093004000,10.6,CASTHMA,4313,432226
Hawkins,47073,47073050602,9.8,CASTHMA,4212,56833
Montgomery,47125,47125101700,10.3,CASTHMA,8091,172331
Humphreys,47085,47085130100,10.6,CASTHMA,5399,18538
Haywood,47075,47075930200,11,CASTHMA,1739,18787
Montgomery,47125,47125101201,12.2,CASTHMA,2172,172331
Knox,47093,47093003400,9.9,CASTHMA,3755,432226
Knox,47093,47093002700,12.1,CASTHMA,2496,432226
Knox,47093,47093005812,8.9,CASTHMA,4824,432226
Henry,47079,47079969000,10.4,CASTHMA,4389,32330
Knox,47093,47093004100,10.3,CASTHMA,4160,432226
Knox,47093,47093004500,9.4,CASTHMA,6400,432226
Lauderdale,47097,47097050400,10.9,CASTHMA,3193,27815
Knox,47093,47093003500,11.1,CASTHMA,4805,432226
Knox,47093,47093005707,8.9,CASTHMA,3270,432226
Hamilton,47065,47065012200,16,CASTHMA,2908,336460
Hamblen,47063,47063100800,12,CASTHMA,3233,62544
Loudon,47105,47105060302,9.6,CASTHMA,6201,48556
Madison,47113,47113001606,10,CASTHMA,9481,98294
Lauderdale,47097,47097050504,13.3,CASTHMA,2727,27815
Maury,47119,47119010100,10.4,CASTHMA,3528,80956
Henderson,47077,47077975300,10.7,CASTHMA,7198,27769
Knox,47093,47093002100,12.1,CASTHMA,2577,432226
Knox,47093,47093002000,13.7,CASTHMA,3172,432226
Knox,47093,47093006501,10.5,CASTHMA,3276,432226
Montgomery,47125,47125101101,11.1,CASTHMA,2764,172331
Knox,47093,47093002800,13.1,CASTHMA,4754,432226
Knox,47093,47093006205,9.6,CASTHMA,4285,432226
Monroe,47123,47123925502,11.1,CASTHMA,5283,44519
Knox,47093,47093006800,14.8,CASTHMA,4415,432226
Lincoln,47103,47103975000,10.4,CASTHMA,1740,33361
Hawkins,47073,47073050400,11,CASTHMA,5625,56833
Knox,47093,47093006104,10.1,CASTHMA,5388,432226
Montgomery,47125,47125101802,9.4,CASTHMA,9818,172331
Hamilton,47065,47065011446,10.5,CASTHMA,3194,336460
Hamilton,47065,47065010902,10.9,CASTHMA,1007,336460
Haywood,47075,47075930301,12.2,CASTHMA,4663,18787
Hamilton,47065,47065010304,10,CASTHMA,5412,336460
Monroe,47123,47123925200,11.3,CASTHMA,4361,44519
Jackson,47087,47087960400,11.5,CASTHMA,2002,11638
Hamilton,47065,47065003000,11.6,CASTHMA,2380,336460
Haywood,47075,47075930400,12.4,CASTHMA,4059,18787
Hamilton,47065,47065010600,10.4,CASTHMA,2834,336460
Knox,47093,47093005906,9.4,CASTHMA,1671,432226
Hamblen,47063,47063100500,10.6,CASTHMA,2966,62544
Hamilton,47065,47065001600,16.2,CASTHMA,2481,336460
Hamilton,47065,47065011800,10.9,CASTHMA,6481,336460
Lawrence,47099,47099960401,10.6,CASTHMA,5382,41869
Knox,47093,47093006207,10.4,CASTHMA,3346,432226
Knox,47093,47093006103,9.9,CASTHMA,5042,432226
Madison,47113,47113000200,12.2,CASTHMA,6475,98294
Lauderdale,47097,47097050506,11.6,CASTHMA,2520,27815
Knox,47093,47093006202,9.7,CASTHMA,5005,432226
Knox,47093,47093004612,9.3,CASTHMA,2454,432226
Jefferson,47089,47089070100,10.8,CASTHMA,6991,51407
Henry,47079,47079969500,10.9,CASTHMA,5129,32330
Maury,47119,47119011002,11,CASTHMA,6431,80956
Montgomery,47125,47125101600,10.5,CASTHMA,5495,172331
Knox,47093,47093005706,9,CASTHMA,3640,432226
Hamilton,47065,47065003300,12.2,CASTHMA,6477,336460
Knox,47093,47093001500,11.1,CASTHMA,3419,432226
Marion,47115,47115050302,10.4,CASTHMA,2787,28237
Knox,47093,47093002900,13.3,CASTHMA,3765,432226
McNairy,47109,47109930400,11.1,CASTHMA,1789,26075
Knox,47093,47093005813,8.6,CASTHMA,5633,432226
Hawkins,47073,47073050501,11.2,CASTHMA,4126,56833
Knox,47093,47093000902,13.3,CASTHMA,4214,432226
Knox,47093,47093001400,14.4,CASTHMA,2761,432226
Hamblen,47063,47063100900,10.3,CASTHMA,4978,62544
Hamilton,47065,47065001200,13.7,CASTHMA,3513,336460
Lauderdale,47097,47097050100,9.7,CASTHMA,4026,27815
Knox,47093,47093004609,10.4,CASTHMA,4733,432226
Hawkins,47073,47073050301,10.7,CASTHMA,4686,56833
Houston,47083,47083120200,10.7,CASTHMA,2203,8426
Hickman,47081,47081950500,9.6,CASTHMA,2403,24690
Hamilton,47065,47065011445,10.8,CASTHMA,3704,336460
Loudon,47105,47105060502,11.1,CASTHMA,2358,48556
Knox,47093,47093002600,12.4,CASTHMA,2451,432226
Lincoln,47103,47103975200,9.9,CASTHMA,1816,33361
Hawkins,47073,47073050900,11.3,CASTHMA,2904,56833
Marion,47115,47115050101,10.6,CASTHMA,3778,28237
Haywood,47075,47075930500,11.6,CASTHMA,2589,18787
Montgomery,47125,47125101804,9.7,CASTHMA,6465,172331
Hamilton,47065,47065011600,11.6,CASTHMA,5605,336460
Hardeman,47069,47069950100,11.3,CASTHMA,3959,27253
Hamilton,47065,47065010502,10.1,CASTHMA,3071,336460
Montgomery,47125,47125100400,12.5,CASTHMA,3145,172331
Hamilton,47065,47065010412,10.3,CASTHMA,5126,336460
Hawkins,47073,47073050302,11.1,CASTHMA,3882,56833
Lincoln,47103,47103975300,11.5,CASTHMA,6492,33361
Montgomery,47125,47125101902,9.5,CASTHMA,2546,172331
Hardin,47071,47071920300,10.4,CASTHMA,3865,26026
Henry,47079,47079969200,10.5,CASTHMA,1831,32330
Maury,47119,47119010302,9.5,CASTHMA,2709,80956
Hardeman,47069,47069950200,10.6,CASTHMA,6470,27253
Hamilton,47065,47065010700,10.8,CASTHMA,2747,336460
Knox,47093,47093005401,10.3,CASTHMA,3474,432226
Hamilton,47065,47065011447,10.1,CASTHMA,7951,336460
Knox,47093,47093007000,13.8,CASTHMA,2664,432226
Hardeman,47069,47069950300,11.9,CASTHMA,3798,27253
Hamilton,47065,47065011413,10.6,CASTHMA,7813,336460
McNairy,47109,47109930300,11.2,CASTHMA,3091,26075
Lawrence,47099,47099960402,10.3,CASTHMA,3938,41869
Hamilton,47065,47065010306,10.8,CASTHMA,3817,336460
Montgomery,47125,47125101102,11.6,CASTHMA,7697,172331
Meigs,47121,47121960100,10.6,CASTHMA,3155,11753
Henry,47079,47079969600,10.6,CASTHMA,7898,32330
Knox,47093,47093003901,11.2,CASTHMA,4173,432226
Marshall,47117,47117955500,10.4,CASTHMA,4508,30617
Hamilton,47065,47065011314,10.3,CASTHMA,5057,336460
Lewis,47101,47101970100,10.6,CASTHMA,4529,12161
Maury,47119,47119010500,12.2,CASTHMA,4652,80956
Knox,47093,47093005711,9.2,CASTHMA,5513,432226
Hawkins,47073,47073050200,10.8,CASTHMA,5041,56833
Hardeman,47069,47069950400,12.3,CASTHMA,5781,27253
Henry,47079,47079969300,12.8,CASTHMA,3500,32330
Madison,47113,47113000500,15.6,CASTHMA,4531,98294
Lawrence,47099,47099960100,11,CASTHMA,4511,41869
Knox,47093,47093005904,9.7,CASTHMA,4858,432226
Loudon,47105,47105060501,9.2,CASTHMA,8664,48556
Hancock,47067,47067960600,11.8,CASTHMA,4010,6819
Montgomery,47125,47125100100,11.2,CASTHMA,1303,172331
Madison,47113,47113000600,11.7,CASTHMA,2120,98294
Knox,47093,47093003902,11.2,CASTHMA,3019,432226
McNairy,47109,47109930100,11.1,CASTHMA,4218,26075
Hamilton,47065,47065011311,10.5,CASTHMA,7268,336460
Jefferson,47089,47089070300,11.2,CASTHMA,7239,51407
Madison,47113,47113001501,11.6,CASTHMA,4779,98294
Hamilton,47065,47065011325,9.7,CASTHMA,5475,336460
Sullivan,47163,47163040200,13.1,CASTHMA,2575,156823
Shelby,47157,47157022121,11.6,CASTHMA,4436,927641
Robertson,47147,47147080700,10.1,CASTHMA,7364,66283
Shelby,47157,47157980100,13.3,CASTHMA,63,927641
Sullivan,47163,47163042900,9.8,CASTHMA,4069,156823
Shelby,47157,47157022122,12.7,CASTHMA,3995,927641
Rutherford,47149,47149040806,10.6,CASTHMA,6608,262604
Shelby,47157,47157001100,12.5,CASTHMA,3666,927641
Rutherford,47149,47149040901,10.1,CASTHMA,2722,262604
Morgan,47129,47129110200,11,CASTHMA,3301,21987
Rutherford,47149,47149040308,10.5,CASTHMA,5598,262604
Rutherford,47149,47149041201,9.4,CASTHMA,5123,262604
Shelby,47157,47157007821,13.5,CASTHMA,5903,927641
Rutherford,47149,47149040306,10.3,CASTHMA,4112,262604
Shelby,47157,47157007810,14.2,CASTHMA,2802,927641
Shelby,47157,47157002700,11.1,CASTHMA,2018,927641
Obion,47131,47131965000,11,CASTHMA,4333,31807
Sullivan,47163,47163041500,9.5,CASTHMA,2609,156823
Shelby,47157,47157021620,10.9,CASTHMA,3089,927641
Sullivan,47163,47163043100,11,CASTHMA,3080,156823
Sullivan,47163,47163041300,10.6,CASTHMA,4268,156823
Sullivan,47163,47163042600,10.9,CASTHMA,4112,156823
Shelby,47157,47157021136,9.5,CASTHMA,4925,927641
Shelby,47157,47157021746,12.1,CASTHMA,4588,927641
Sullivan,47163,47163043500,10.1,CASTHMA,3726,156823
Rutherford,47149,47149041402,11.9,CASTHMA,6514,262604
Shelby,47157,47157021334,10.9,CASTHMA,3710,927641
Montgomery,47125,47125102002,10.5,CASTHMA,7396,172331
Shelby,47157,47157000100,9,CASTHMA,5394,927641
Shelby,47157,47157001600,10.4,CASTHMA,3158,927641
Shelby,47157,47157022130,12.4,CASTHMA,5920,927641
Shelby,47157,47157021751,11,CASTHMA,7066,927641
Sumner,47165,47165020205,11.1,CASTHMA,2774,160645
Morgan,47129,47129110300,10.1,CASTHMA,6032,21987
Overton,47133,47133950500,10.8,CASTHMA,6111,22083
Shelby,47157,47157022210,12.5,CASTHMA,4615,927641
Rutherford,47149,47149041202,10,CASTHMA,3981,262604
Rutherford,47149,47149041302,9.5,CASTHMA,5707,262604
Rutherford,47149,47149040200,10.5,CASTHMA,3860,262604
Shelby,47157,47157022310,13.9,CASTHMA,5520,927641
Shelby,47157,47157021900,12.8,CASTHMA,5031,927641
Shelby,47157,47157009800,11.1,CASTHMA,3110,927641
Shelby,47157,47157002900,9.3,CASTHMA,4637,927641
Sullivan,47163,47163042702,10.8,CASTHMA,2103,156823
Shelby,47157,47157003000,11.6,CASTHMA,2938,927641
Sevier,47155,47155080901,10.8,CASTHMA,3397,89888
Putnam,47141,47141001000,10.6,CASTHMA,3544,72321
Putnam,47141,47141000200,10.4,CASTHMA,9371,72321
Shelby,47157,47157009700,12,CASTHMA,2908,927641
Shelby,47157,47157000700,13.7,CASTHMA,4861,927641
Shelby,47157,47157021122,10.8,CASTHMA,5626,927641
Overton,47133,47133950100,10.9,CASTHMA,1718,22083
Shelby,47157,47157009300,9.3,CASTHMA,4495,927641
Rutherford,47149,47149040302,9.9,CASTHMA,8311,262604
Shelby,47157,47157009500,9.1,CASTHMA,6346,927641
Shelby,47157,47157020521,14.6,CASTHMA,3693,927641
Shelby,47157,47157010710,11.9,CASTHMA,4831,927641
Shelby,47157,47157011500,14.5,CASTHMA,2914,927641
Shelby,47157,47157005300,13.7,CASTHMA,3945,927641
Shelby,47157,47157006900,12.7,CASTHMA,3011,927641
Shelby,47157,47157020651,10.9,CASTHMA,6442,927641
Robertson,47147,47147080401,11.7,CASTHMA,4833,66283
Shelby,47157,47157006300,10.5,CASTHMA,2405,927641
Sumner,47165,47165020503,10.2,CASTHMA,1932,160645
Shelby,47157,47157009100,12.2,CASTHMA,2567,927641
Obion,47131,47131965200,10.5,CASTHMA,2165,31807
Shelby,47157,47157021200,9.7,CASTHMA,4526,927641
Shelby,47157,47157021351,8.4,CASTHMA,4726,927641
Rhea,47143,47143975100,10.6,CASTHMA,4594,31809
Shelby,47157,47157021138,9.8,CASTHMA,3387,927641
Overton,47133,47133950302,11.7,CASTHMA,3029,22083
Shelby,47157,47157021613,9,CASTHMA,4644,927641
Shelby,47157,47157021139,9,CASTHMA,4263,927641
Montgomery,47125,47125102003,10.5,CASTHMA,4875,172331
Shelby,47157,47157021725,12.5,CASTHMA,4073,927641
Shelby,47157,47157002400,12.6,CASTHMA,1839,927641
Shelby,47157,47157021753,11.1,CASTHMA,3323,927641
Roane,47145,47145030600,10.3,CASTHMA,3631,54181
Robertson,47147,47147080605,10.3,CASTHMA,2995,66283
Shelby,47157,47157004600,14.1,CASTHMA,1498,927641
Polk,47139,47139950300,11,CASTHMA,3855,16825
Shelby,47157,47157022220,12.9,CASTHMA,4099,927641
Shelby,47157,47157021611,9.6,CASTHMA,6111,927641
Rutherford,47149,47149040702,10.1,CASTHMA,4986,262604
Sumner,47165,47165020203,10.6,CASTHMA,2350,160645
Putnam,47141,47141001300,10.4,CASTHMA,2315,72321
Shelby,47157,47157021747,12.3,CASTHMA,4035,927641
Shelby,47157,47157010210,13.6,CASTHMA,5706,927641
Sumner,47165,47165020501,9.6,CASTHMA,4452,160645
Shelby,47157,47157003200,10.2,CASTHMA,3856,927641
Shelby,47157,47157021745,11,CASTHMA,7718,927641
Shelby,47157,47157005500,14.1,CASTHMA,2731,927641
Shelby,47157,47157021710,13.4,CASTHMA,3114,927641
Shelby,47157,47157021140,9.8,CASTHMA,4787,927641
Stewart,47161,47161110700,10.2,CASTHMA,4233,13324
Rutherford,47149,47149041600,11.3,CASTHMA,5673,262604
Shelby,47157,47157021352,8.6,CASTHMA,6867,927641
Sevier,47155,47155081101,10.3,CASTHMA,1941,89888
Shelby,47157,47157010810,13.1,CASTHMA,5865,927641
Shelby,47157,47157020634,9.6,CASTHMA,2912,927641
Shelby,47157,47157021020,9.6,CASTHMA,6205,927641
Shelby,47157,47157000800,14.9,CASTHMA,2684,927641
Robertson,47147,47147080104,10.1,CASTHMA,7165,66283
Sullivan,47163,47163040500,12.3,CASTHMA,4264,156823
Sullivan,47163,47163043600,10.3,CASTHMA,4789,156823
Shelby,47157,47157020635,9.6,CASTHMA,2840,927641
Shelby,47157,47157000200,14.9,CASTHMA,1033,927641
Robertson,47147,47147080603,10.4,CASTHMA,4327,66283
Shelby,47157,47157021520,8.7,CASTHMA,10210,927641
Sequatchie,47153,47153060102,10.8,CASTHMA,2174,14112
Shelby,47157,47157011100,14.5,CASTHMA,1892,927641
Shelby,47157,47157001700,10.6,CASTHMA,3848,927641
Rutherford,47149,47149040807,9.7,CASTHMA,4957,262604
Shelby,47157,47157002500,11.1,CASTHMA,2877,927641
Sevier,47155,47155080601,10.8,CASTHMA,3803,89888
Shelby,47157,47157002600,9.3,CASTHMA,2511,927641
Shelby,47157,47157021141,10,CASTHMA,7301,927641
Sequatchie,47153,47153060101,11,CASTHMA,8037,14112
Shelby,47157,47157021353,8.7,CASTHMA,9295,927641
Shelby,47157,47157001400,13.4,CASTHMA,1648,927641
Rutherford,47149,47149040600,9.9,CASTHMA,4372,262604
Sevier,47155,47155080602,10.6,CASTHMA,8766,89888
Sumner,47165,47165020207,10.9,CASTHMA,1710,160645
Rutherford,47149,47149040101,10.6,CASTHMA,3253,262604
Rutherford,47149,47149040303,10.5,CASTHMA,2037,262604
Rutherford,47149,47149041301,9.1,CASTHMA,5128,262604
Shelby,47157,47157003700,12.5,CASTHMA,1345,927641
Robertson,47147,47147080103,10,CASTHMA,5551,66283
Shelby,47157,47157020400,9.9,CASTHMA,1118,927641
Sevier,47155,47155080801,12.3,CASTHMA,2971,89888
Shelby,47157,47157007300,12.3,CASTHMA,4127,927641
Sullivan,47163,47163043201,10.3,CASTHMA,4102,156823
Shelby,47157,47157021010,9.8,CASTHMA,14912,927641
Roane,47145,47145030300,10.4,CASTHMA,6623,54181
Shelby,47157,47157000400,14,CASTHMA,1727,927641
Putnam,47141,47141000303,11.4,CASTHMA,2388,72321
Roane,47145,47145030800,11,CASTHMA,5536,54181
Sevier,47155,47155081000,10.4,CASTHMA,5744,89888
Sevier,47155,47155080201,10.5,CASTHMA,7914,89888
Scott,47151,47151975200,11.4,CASTHMA,5832,22228
Shelby,47157,47157020621,11.4,CASTHMA,7124,927641
Shelby,47157,47157001300,14.4,CASTHMA,3817,927641
Shelby,47157,47157020523,14.3,CASTHMA,3547,927641
Sumner,47165,47165020405,10,CASTHMA,2040,160645
Rutherford,47149,47149042100,12,CASTHMA,8642,262604
Putnam,47141,47141000100,11.3,CASTHMA,5489,72321
Stewart,47161,47161110600,11,CASTHMA,2547,13324
Rutherford,47149,47149040304,10.7,CASTHMA,2084,262604
Shelby,47157,47157011200,15.8,CASTHMA,1720,927641
Rutherford,47149,47149040809,10,CASTHMA,3749,262604
Sevier,47155,47155080102,10.5,CASTHMA,6772,89888
Sumner,47165,47165020700,10.8,CASTHMA,5223,160645
Shelby,47157,47157021312,9.3,CASTHMA,2206,927641
Shelby,47157,47157005900,14.1,CASTHMA,2730,927641
Obion,47131,47131965100,10.3,CASTHMA,2505,31807
Shelby,47157,47157021741,12.2,CASTHMA,7888,927641
Robertson,47147,47147080500,9.8,CASTHMA,4198,66283
Shelby,47157,47157007500,12.9,CASTHMA,1581,927641
Stewart,47161,47161110200,10.3,CASTHMA,6544,13324
Shelby,47157,47157003600,10.2,CASTHMA,2039,927641
Shelby,47157,47157020632,9.5,CASTHMA,5522,927641
Shelby,47157,47157008110,13.4,CASTHMA,2725,927641
Shelby,47157,47157021111,11.3,CASTHMA,3713,927641
Shelby,47157,47157020832,9.3,CASTHMA,8393,927641
Sumner,47165,47165020101,11.5,CASTHMA,3322,160645
Sullivan,47163,47163040700,10.3,CASTHMA,2587,156823
Roane,47145,47145030500,12,CASTHMA,4246,54181
Sullivan,47163,47163043301,10.2,CASTHMA,5282,156823
Shelby,47157,47157000600,13.7,CASTHMA,2152,927641
Shelby,47157,47157021342,9.3,CASTHMA,9004,927641
Rutherford,47149,47149041101,9.9,CASTHMA,7490,262604
Shelby,47157,47157020222,11.4,CASTHMA,3536,927641
Shelby,47157,47157006800,13.3,CASTHMA,2538,927641
Shelby,47157,47157010000,14,CASTHMA,7653,927641
Shelby,47157,47157020541,11.9,CASTHMA,5158,927641
Sevier,47155,47155080802,10.4,CASTHMA,6678,89888
Rutherford,47149,47149040104,11.4,CASTHMA,4810,262604
Shelby,47157,47157020820,9.4,CASTHMA,8206,927641
Rutherford,47149,47149040905,9.9,CASTHMA,7909,262604
Shelby,47157,47157010300,15.1,CASTHMA,1478,927641
Sullivan,47163,47163042300,9.9,CASTHMA,6780,156823
Shelby,47157,47157021112,11.1,CASTHMA,6724,927641
Shelby,47157,47157021331,9.5,CASTHMA,3247,927641
Shelby,47157,47157020633,9.2,CASTHMA,3347,927641
Shelby,47157,47157010220,13,CASTHMA,6810,927641
Sullivan,47163,47163042801,10.9,CASTHMA,2657,156823
Shelby,47157,47157020642,9.9,CASTHMA,10075,927641
Shelby,47157,47157008600,9.1,CASTHMA,5886,927641
Sullivan,47163,47163041600,10.5,CASTHMA,2617,156823
Shelby,47157,47157020652,9.9,CASTHMA,5340,927641
Shelby,47157,47157011300,13.5,CASTHMA,1850,927641
Shelby,47157,47157006200,12.9,CASTHMA,2242,927641
Shelby,47157,47157021721,12.5,CASTHMA,3974,927641
Putnam,47141,47141001200,9.9,CASTHMA,8750,72321
Shelby,47157,47157003900,12.2,CASTHMA,1184,927641
Shelby,47157,47157003300,9.2,CASTHMA,2141,927641
Shelby,47157,47157020102,9.8,CASTHMA,3084,927641
Shelby,47157,47157000900,14.1,CASTHMA,2884,927641
Scott,47151,47151975400,10.9,CASTHMA,2773,22228
Shelby,47157,47157020511,12,CASTHMA,2128,927641
Sumner,47165,47165020208,10.8,CASTHMA,2377,160645
Shelby,47157,47157002100,13.4,CASTHMA,1192,927641
Shelby,47157,47157009902,14,CASTHMA,2851,927641
Shelby,47157,47157022112,13.2,CASTHMA,6014,927641
Shelby,47157,47157011020,12.9,CASTHMA,1615,927641
Sullivan,47163,47163041800,11.6,CASTHMA,4880,156823
Shelby,47157,47157007100,9.4,CASTHMA,2549,927641
Smith,47159,47159975200,11,CASTHMA,5634,19166
Shelby,47157,47157009600,8.9,CASTHMA,4830,927641
Polk,47139,47139950400,10.9,CASTHMA,3457,16825
Shelby,47157,47157020644,10.4,CASTHMA,9469,927641
Shelby,47157,47157003500,9.7,CASTHMA,2996,927641
Putnam,47141,47141000900,10.7,CASTHMA,6615,72321
Shelby,47157,47157021320,9.6,CASTHMA,5924,927641
Shelby,47157,47157021142,9.6,CASTHMA,3440,927641
Sullivan,47163,47163040300,11.3,CASTHMA,2656,156823
Shelby,47157,47157021124,10.3,CASTHMA,7801,927641
Scott,47151,47151975300,11.4,CASTHMA,2477,22228
Obion,47131,47131965300,10.5,CASTHMA,3734,31807
Sullivan,47163,47163041100,10.4,CASTHMA,2375,156823
Overton,47133,47133950600,11.4,CASTHMA,2616,22083
Rutherford,47149,47149040701,9.7,CASTHMA,8751,262604
Shelby,47157,47157020810,9.6,CASTHMA,3274,927641
Shelby,47157,47157008800,11.6,CASTHMA,6854,927641
Montgomery,47125,47125102006,10.2,CASTHMA,5817,172331
Sumner,47165,47165020407,10.3,CASTHMA,4068,160645
Rutherford,47149,47149040105,10.8,CASTHMA,4349,262604
Shelby,47157,47157010820,11.7,CASTHMA,4146,927641
Shelby,47157,47157010120,14.5,CASTHMA,5399,927641
Shelby,47157,47157005700,13,CASTHMA,2633,927641
Sumner,47165,47165020102,11.4,CASTHMA,4959,160645
Shelby,47157,47157010500,13.6,CASTHMA,2413,927641
Shelby,47157,47157021510,10.8,CASTHMA,7992,927641
Shelby,47157,47157980400,16,CASTHMA,293,927641
Shelby,47157,47157021125,9.6,CASTHMA,4375,927641
Shelby,47157,47157021530,8.5,CASTHMA,5361,927641
Montgomery,47125,47125102004,10.9,CASTHMA,5213,172331
Sevier,47155,47155080400,11.3,CASTHMA,7178,89888
Sumner,47165,47165020603,10.4,CASTHMA,3243,160645
Shelby,47157,47157020532,11.8,CASTHMA,6290,927641
Shelby,47157,47157020622,9.6,CASTHMA,4026,927641
Sullivan,47163,47163042000,11,CASTHMA,3401,156823
Shelby,47157,47157007900,13.3,CASTHMA,5528,927641
Shelby,47157,47157021113,10.6,CASTHMA,3877,927641
Shelby,47157,47157021333,10,CASTHMA,3993,927641
Robertson,47147,47147080302,11.8,CASTHMA,3169,66283
Shelby,47157,47157021731,13.1,CASTHMA,2845,927641
Shelby,47157,47157006600,11.2,CASTHMA,2286,927641
Roane,47145,47145030700,10.8,CASTHMA,4401,54181
Shelby,47157,47157021126,10,CASTHMA,4070,927641
Obion,47131,47131965500,11.3,CASTHMA,2670,31807
Sumner,47165,47165020209,10.4,CASTHMA,1911,160645
Roane,47145,47145030400,10.2,CASTHMA,6559,54181
Rutherford,47149,47149040305,12.6,CASTHMA,2438,262604
Moore,47127,47127930200,10.2,CASTHMA,2516,6362
Sumner,47165,47165020206,10.7,CASTHMA,1296,160645
Sullivan,47163,47163043202,11.2,CASTHMA,4967,156823
Montgomery,47125,47125102005,11.1,CASTHMA,5062,172331
Robertson,47147,47147080606,10.4,CASTHMA,5883,66283
Roane,47145,47145030900,10.8,CASTHMA,5974,54181
Smith,47159,47159975000,11.1,CASTHMA,3996,19166
Moore,47127,47127930100,10.4,CASTHMA,3846,6362
Sullivan,47163,47163041700,11.1,CASTHMA,3393,156823
Sullivan,47163,47163041400,10.8,CASTHMA,5528,156823
Rhea,47143,47143975200,10.5,CASTHMA,5941,31809
Obion,47131,47131965600,13.1,CASTHMA,4081,31807
Roane,47145,47145030201,9.9,CASTHMA,6668,54181
Sullivan,47163,47163042100,10.2,CASTHMA,5675,156823
Shelby,47157,47157006000,14.1,CASTHMA,2030,927641
Morgan,47129,47129110400,11.6,CASTHMA,4392,21987
Putnam,47141,47141000800,12.9,CASTHMA,5420,72321
Perry,47135,47135930200,11.3,CASTHMA,4793,7915
Shelby,47157,47157002000,14,CASTHMA,1969,927641
Pickett,47137,47137925100,11.2,CASTHMA,5077,5077
Shelby,47157,47157011600,15.1,CASTHMA,2743,927641
Sullivan,47163,47163041900,10.7,CASTHMA,3221,156823
Overton,47133,47133950301,11.2,CASTHMA,4779,22083
Shelby,47157,47157020524,12.6,CASTHMA,4909,927641
Putnam,47141,47141000600,10.3,CASTHMA,3525,72321
Polk,47139,47139950201,11,CASTHMA,2226,16825
Rutherford,47149,47149040902,9.7,CASTHMA,8542,262604
Obion,47131,47131965400,11.3,CASTHMA,4429,31807
Shelby,47157,47157007200,9,CASTHMA,2322,927641
Montgomery,47125,47125980100,8.2,CASTHMA,397,172331
Sullivan,47163,47163040800,10.9,CASTHMA,3633,156823
Shelby,47157,47157020210,10.6,CASTHMA,6292,927641
Roane,47145,47145030100,8.8,CASTHMA,3224,54181
Shelby,47157,47157009400,9.2,CASTHMA,3128,927641
Overton,47133,47133950400,10.7,CASTHMA,2086,22083
Shelby,47157,47157020542,13.2,CASTHMA,5313,927641
Rutherford,47149,47149040403,10.3,CASTHMA,7353,262604
Robertson,47147,47147080604,9.7,CASTHMA,3682,66283
Shelby,47157,47157020512,13.4,CASTHMA,5837,927641
Shelby,47157,47157020643,9.3,CASTHMA,8492,927641
Sullivan,47163,47163043302,11.2,CASTHMA,5905,156823
Scott,47151,47151975100,11.5,CASTHMA,6846,22228
Sullivan,47163,47163042400,10.8,CASTHMA,3415,156823
Rutherford,47149,47149040808,9.6,CASTHMA,6313,262604
Shelby,47157,47157011700,13.8,CASTHMA,1693,927641
Putnam,47141,47141000500,10.4,CASTHMA,2094,72321
Rutherford,47149,47149041000,10,CASTHMA,6500,262604
Rutherford,47149,47149041700,10.8,CASTHMA,4691,262604
Robertson,47147,47147080301,11.8,CASTHMA,2495,66283
Rutherford,47149,47149040501,9.9,CASTHMA,6989,262604
Shelby,47157,47157020531,12.4,CASTHMA,5803,927641
Sullivan,47163,47163042802,11.9,CASTHMA,4813,156823
Robertson,47147,47147080402,10.7,CASTHMA,4729,66283
Putnam,47141,47141000301,10.3,CASTHMA,2660,72321
Shelby,47157,47157020700,9.6,CASTHMA,2584,927641
Smith,47159,47159975300,11,CASTHMA,2132,19166
Sumner,47165,47165020601,11,CASTHMA,3217,160645
Sevier,47155,47155080500,11.1,CASTHMA,4953,89888
Rhea,47143,47143975402,11.1,CASTHMA,3472,31809
Shelby,47157,47157011400,12.8,CASTHMA,5954,927641
Shelby,47157,47157007400,11.1,CASTHMA,3094,927641
Putnam,47141,47141001100,11.3,CASTHMA,6355,72321
Morgan,47129,47129110500,10.9,CASTHMA,4953,21987
Roane,47145,47145030202,9.8,CASTHMA,7319,54181
Rhea,47143,47143975000,10.3,CASTHMA,4829,31809
Rhea,47143,47143975401,12.5,CASTHMA,7151,31809
Rutherford,47149,47149040102,10.6,CASTHMA,3667,262604
Sumner,47165,47165020800,12.9,CASTHMA,6520,160645
Sullivan,47163,47163041000,9.5,CASTHMA,4052,156823
Shelby,47157,47157003800,12.9,CASTHMA,1048,927641
Overton,47133,47133950200,11,CASTHMA,1744,22083
Putnam,47141,47141000302,12.2,CASTHMA,6569,72321
Shelby,47157,47157021341,8.7,CASTHMA,5055,927641
Shelby,47157,47157021137,9.7,CASTHMA,8037,927641
Shelby,47157,47157005600,13,CASTHMA,3802,927641
Shelby,47157,47157022111,12.9,CASTHMA,5742,927641
Sumner,47165,47165020602,10.5,CASTHMA,3891,160645
Shelby,47157,47157020900,9.5,CASTHMA,9886,927641
Smith,47159,47159975400,10.3,CASTHMA,4463,19166
Shelby,47157,47157011800,11.4,CASTHMA,5645,927641
Shelby,47157,47157022321,13.4,CASTHMA,4052,927641
Polk,47139,47139950100,11.2,CASTHMA,1545,16825
Sullivan,47163,47163041200,10.1,CASTHMA,6526,156823
Sullivan,47163,47163043000,11.2,CASTHMA,4692,156823
Sullivan,47163,47163042500,10.4,CASTHMA,3529,156823
Shelby,47157,47157010620,14,CASTHMA,4026,927641
Shelby,47157,47157003400,10.4,CASTHMA,2099,927641
Shelby,47157,47157021724,11.7,CASTHMA,2312,927641
Sumner,47165,47165020300,11.7,CASTHMA,5100,160645
Obion,47131,47131965700,11.1,CASTHMA,4737,31807
Sumner,47165,47165020403,10.2,CASTHMA,1772,160645
Shelby,47157,47157022322,12.3,CASTHMA,4197,927641
Shelby,47157,47157020610,12,CASTHMA,4164,927641
Shelby,47157,47157021430,8.9,CASTHMA,4138,927641
Rutherford,47149,47149041800,11.9,CASTHMA,4453,262604
Shelby,47157,47157021135,10,CASTHMA,6334,927641
Shelby,47157,47157022410,12.1,CASTHMA,6011,927641
Putnam,47141,47141000700,11.8,CASTHMA,3564,72321
Shelby,47157,47157021311,8.5,CASTHMA,4778,927641
Shelby,47157,47157021754,12.2,CASTHMA,4736,927641
Rutherford,47149,47149040903,10.2,CASTHMA,10129,262604
Shelby,47157,47157002800,14.2,CASTHMA,3762,927641
Shelby,47157,47157000300,13,CASTHMA,1060,927641
Rutherford,47149,47149040904,9.9,CASTHMA,4623,262604
Rutherford,47149,47149041900,12.6,CASTHMA,4024,262604
Shelby,47157,47157022022,14.3,CASTHMA,3377,927641
Shelby,47157,47157006500,13.5,CASTHMA,2747,927641
Shelby,47157,47157004300,9.2,CASTHMA,1353,927641
Scott,47151,47151975000,11.5,CASTHMA,4300,22228
Shelby,47157,47157007822,12,CASTHMA,1681,927641
Shelby,47157,47157022600,12.9,CASTHMA,3881,927641
Rutherford,47149,47149040810,9.8,CASTHMA,2439,262604
Rutherford,47149,47149040307,9.7,CASTHMA,2840,262604
Shelby,47157,47157008200,13.5,CASTHMA,4840,927641
Shelby,47157,47157021752,11.3,CASTHMA,4661,927641
Shelby,47157,47157005800,13.7,CASTHMA,1235,927641
Shelby,47157,47157004500,15.8,CASTHMA,956,927641
Shelby,47157,47157021121,10.7,CASTHMA,4901,927641
Shelby,47157,47157021612,9.1,CASTHMA,4599,927641
Rutherford,47149,47149040805,9.9,CASTHMA,8050,262604
Shelby,47157,47157021410,8.5,CASTHMA,2890,927641
Rutherford,47149,47149040502,10.4,CASTHMA,6609,262604
Shelby,47157,47157008120,13.6,CASTHMA,4393,927641
Rutherford,47149,47149041500,11.1,CASTHMA,2966,262604
Sevier,47155,47155080101,11.2,CASTHMA,3961,89888
Sumner,47165,47165020204,10.7,CASTHMA,3010,160645
Shelby,47157,47157022330,12.5,CASTHMA,4744,927641
Shelby,47157,47157008500,8.4,CASTHMA,4116,927641
Sullivan,47163,47163042701,11.6,CASTHMA,4948,156823
Sevier,47155,47155080902,10.8,CASTHMA,4320,89888
Robertson,47147,47147080200,10.3,CASTHMA,5943,66283
Morgan,47129,47129110100,11.5,CASTHMA,3309,21987
Shelby,47157,47157010630,14.2,CASTHMA,4452,927641
Shelby,47157,47157008000,12.5,CASTHMA,5174,927641
Obion,47131,47131965900,10.5,CASTHMA,1357,31807
Shelby,47157,47157005000,14.4,CASTHMA,1074,927641
Shelby,47157,47157021540,8.7,CASTHMA,11474,927641
Shelby,47157,47157006700,13.9,CASTHMA,3559,927641
Sullivan,47163,47163040600,12.3,CASTHMA,3356,156823
Shelby,47157,47157022023,12.7,CASTHMA,2757,927641
Shelby,47157,47157008900,11.9,CASTHMA,4078,927641
Shelby,47157,47157010110,14.8,CASTHMA,7191,927641
Rutherford,47149,47149040103,10.7,CASTHMA,7445,262604
Sumner,47165,47165020406,10.2,CASTHMA,3391,160645
Polk,47139,47139950202,10.6,CASTHMA,5742,16825
Sequatchie,47153,47153060200,10.5,CASTHMA,3901,14112
Sullivan,47163,47163042200,10.9,CASTHMA,3199,156823
Robertson,47147,47147080101,10.3,CASTHMA,3949,66283
Shelby,47157,47157021732,12.7,CASTHMA,6966,927641
Rhea,47143,47143975300,11,CASTHMA,5822,31809
Shelby,47157,47157001900,13.4,CASTHMA,1601,927641
Sumner,47165,47165020502,9.9,CASTHMA,3480,160645
Shelby,47157,47157011010,12.8,CASTHMA,4116,927641
Shelby,47157,47157021726,11.9,CASTHMA,4156,927641
Shelby,47157,47157009901,12.5,CASTHMA,3783,927641
Putnam,47141,47141000400,10.2,CASTHMA,3662,72321
Obion,47131,47131965800,10.3,CASTHMA,1796,31807
Shelby,47157,47157001500,12.7,CASTHMA,1745,927641
Shelby,47157,47157022024,12.4,CASTHMA,3490,927641
Sullivan,47163,47163043402,10.7,CASTHMA,4668,156823
Perry,47135,47135930100,11.5,CASTHMA,3122,7915
Shelby,47157,47157003100,10,CASTHMA,3410,927641
Shelby,47157,47157021744,11,CASTHMA,5879,927641
Shelby,47157,47157020221,10.6,CASTHMA,2828,927641
Shelby,47157,47157020300,10.9,CASTHMA,5393,927641
Sevier,47155,47155080300,10.4,CASTHMA,5315,89888
Rutherford,47149,47149041403,11.4,CASTHMA,7429,262604
Rutherford,47149,47149042200,10.4,CASTHMA,5002,262604
Sullivan,47163,47163040900,10.4,CASTHMA,3229,156823
Shelby,47157,47157020831,9.5,CASTHMA,3889,927641
Shelby,47157,47157022700,13.3,CASTHMA,7166,927641
Rutherford,47149,47149041102,10.4,CASTHMA,2823,262604
Sevier,47155,47155080202,10.1,CASTHMA,5261,89888
Shelby,47157,47157001200,11.7,CASTHMA,3733,927641
Shelby,47157,47157020101,12.8,CASTHMA,4676,927641
Sevier,47155,47155081102,10.5,CASTHMA,3205,89888
Rutherford,47149,47149042000,10.1,CASTHMA,4740,262604
Shelby,47157,47157010720,13.1,CASTHMA,3206,927641
Smith,47159,47159975100,11,CASTHMA,2941,19166
Rutherford,47149,47149042300,10.2,CASTHMA,7358,262604
Rutherford,47149,47149041401,10.3,CASTHMA,4455,262604
Shelby,47157,47157007000,13.7,CASTHMA,3324,927641
Shelby,47157,47157022500,12.1,CASTHMA,4641,927641
Sullivan,47163,47163043401,10.7,CASTHMA,5142,156823
Weakley,47183,47183968700,11.1,CASTHMA,1484,35021
Williamson,47187,47187051201,9.9,CASTHMA,5682,183182
Williamson,47187,47187050207,8.9,CASTHMA,3510,183182
Wilson,47189,47189030904,10,CASTHMA,3523,113993
Wilson,47189,47189030500,11.1,CASTHMA,6255,113993
Williamson,47187,47187050908,9.1,CASTHMA,3491,183182
Washington,47179,47179061100,10.4,CASTHMA,4468,122979
Williamson,47187,47187050905,9.5,CASTHMA,5697,183182
Weakley,47183,47183968101,11.2,CASTHMA,3725,35021
Wilson,47189,47189030101,9.7,CASTHMA,7421,113993
White,47185,47185935000,11.2,CASTHMA,4205,25841
White,47185,47185935400,11.5,CASTHMA,3652,25841
Wilson,47189,47189030800,10.5,CASTHMA,5787,113993
Weakley,47183,47183968102,10.3,CASTHMA,1856,35021
Williamson,47187,47187050602,9.6,CASTHMA,8458,183182
Williamson,47187,47187050305,8.9,CASTHMA,2362,183182
Wilson,47189,47189031000,10.2,CASTHMA,5662,113993
Williamson,47187,47187050206,8.8,CASTHMA,2858,183182
Wilson,47189,47189030304,10.2,CASTHMA,6425,113993
Weakley,47183,47183968600,11.3,CASTHMA,3710,35021
Wilson,47189,47189030307,9.8,CASTHMA,7135,113993
Washington,47179,47179061601,9.7,CASTHMA,3954,122979
Wilson,47189,47189030308,9.9,CASTHMA,4819,113993
Unicoi,47171,47171080200,11,CASTHMA,6395,18313
Washington,47179,47179061401,9.8,CASTHMA,5135,122979
Williamson,47187,47187051100,9.5,CASTHMA,5583,183182
Williamson,47187,47187051001,8.9,CASTHMA,5785,183182
Van Buren,47175,47175925200,11.4,CASTHMA,3181,5548
Williamson,47187,47187050702,9,CASTHMA,4004,183182
Van Buren,47175,47175925000,11,CASTHMA,2367,5548
Williamson,47187,47187050502,10,CASTHMA,3902,183182
Wilson,47189,47189030203,9.5,CASTHMA,4326,113993
Washington,47179,47179060502,10.8,CASTHMA,5992,122979
Williamson,47187,47187050909,9.2,CASTHMA,3300,183182
Wilson,47189,47189030309,9.7,CASTHMA,5134,113993
Williamson,47187,47187050503,10.4,CASTHMA,4570,183182
Williamson,47187,47187051002,9.4,CASTHMA,5516,183182
White,47185,47185935500,10.9,CASTHMA,3337,25841
Washington,47179,47179060700,12.7,CASTHMA,2107,122979
Washington,47179,47179062000,10.5,CASTHMA,3972,122979
Warren,47177,47177930700,10.8,CASTHMA,4585,39839
Unicoi,47171,47171080400,10.4,CASTHMA,4112,18313
Tipton,47167,47167040800,9.9,CASTHMA,4208,61081
Williamson,47187,47187050504,10.5,CASTHMA,4146,183182
Williamson,47187,47187050204,8.8,CASTHMA,4833,183182
Sumner,47165,47165020903,10.1,CASTHMA,3499,160645
Weakley,47183,47183968500,11.1,CASTHMA,4613,35021
Tipton,47167,47167040900,10.8,CASTHMA,1640,61081
Unicoi,47171,47171080300,10.7,CASTHMA,5138,18313
Warren,47177,47177930500,11.9,CASTHMA,5109,39839
Tipton,47167,47167040602,10.8,CASTHMA,3162,61081
Williamson,47187,47187050306,9.2,CASTHMA,1657,183182
Tipton,47167,47167040601,11.3,CASTHMA,4901,61081
Union,47173,47173040202,11.2,CASTHMA,5817,19109
Williamson,47187,47187050406,9.2,CASTHMA,5152,183182
Sumner,47165,47165021103,9.8,CASTHMA,5762,160645
Tipton,47167,47167040304,11,CASTHMA,6642,61081
Sumner,47165,47165021203,9.4,CASTHMA,4862,160645
Sumner,47165,47165021106,10.2,CASTHMA,3882,160645
Warren,47177,47177930200,10.9,CASTHMA,6436,39839
Warren,47177,47177930900,10.8,CASTHMA,1806,39839
Union,47173,47173040201,11,CASTHMA,3886,19109
Union,47173,47173040100,11.6,CASTHMA,7040,19109
Washington,47179,47179060501,10.4,CASTHMA,4622,122979
Sumner,47165,47165021204,10.1,CASTHMA,7434,160645
Wilson,47189,47189030401,10.9,CASTHMA,2267,113993
Warren,47177,47177930600,11.6,CASTHMA,3708,39839
Wilson,47189,47189030903,9.5,CASTHMA,6081,113993
Tipton,47167,47167040100,11,CASTHMA,5098,61081
Williamson,47187,47187050303,8.8,CASTHMA,2734,183182
Sumner,47165,47165021002,9.5,CASTHMA,6844,160645
Warren,47177,47177930300,10.6,CASTHMA,2512,39839
Washington,47179,47179060100,12.1,CASTHMA,3296,122979
Washington,47179,47179061000,11.4,CASTHMA,2632,122979
Trousdale,47169,47169090100,10.6,CASTHMA,5390,7870
Tipton,47167,47167040700,13.3,CASTHMA,5212,61081
Wilson,47189,47189030402,11.5,CASTHMA,3951,113993
Washington,47179,47179060900,12.5,CASTHMA,5852,122979
Tipton,47167,47167040400,11,CASTHMA,3105,61081
Sumner,47165,47165021104,11.2,CASTHMA,2021,160645
Sumner,47165,47165021004,11,CASTHMA,3707,160645
Sumner,47165,47165021201,9.3,CASTHMA,6666,160645
Weakley,47183,47183968400,10.7,CASTHMA,5894,35021
Wayne,47181,47181950400,10.9,CASTHMA,3077,17021
Williamson,47187,47187050404,8.7,CASTHMA,6475,183182
Wilson,47189,47189030204,9.9,CASTHMA,6337,113993
Weakley,47183,47183968201,10.5,CASTHMA,4504,35021
Williamson,47187,47187050907,9.1,CASTHMA,4973,183182
Washington,47179,47179060400,9.1,CASTHMA,5977,122979
Washington,47179,47179061602,9.9,CASTHMA,8845,122979
Williamson,47187,47187050403,9,CASTHMA,1967,183182
Williamson,47187,47187050208,8.9,CASTHMA,6192,183182
Union,47173,47173040300,10.8,CASTHMA,2366,19109
Washington,47179,47179061901,10.8,CASTHMA,6752,122979
Williamson,47187,47187050101,9,CASTHMA,7686,183182
Williamson,47187,47187050601,9.7,CASTHMA,5679,183182
Wayne,47181,47181950100,9.9,CASTHMA,4559,17021
Trousdale,47169,47169090200,10.9,CASTHMA,2480,7870
Weakley,47183,47183968202,15,CASTHMA,2685,35021
Washington,47179,47179061902,10.4,CASTHMA,4860,122979
Washington,47179,47179061402,9.9,CASTHMA,6518,122979
Williamson,47187,47187050906,9.1,CASTHMA,5356,183182
Williamson,47187,47187050102,9.4,CASTHMA,3831,183182
Wilson,47189,47189030303,9.9,CASTHMA,4394,113993
Washington,47179,47179061200,11.4,CASTHMA,3299,122979
Williamson,47187,47187050103,9.6,CASTHMA,4011,183182
Washington,47179,47179061800,10.3,CASTHMA,6775,122979
Washington,47179,47179061702,10.1,CASTHMA,6994,122979
Washington,47179,47179061300,9.7,CASTHMA,8062,122979
White,47185,47185935100,10.5,CASTHMA,5148,25841
Wilson,47189,47189030600,10.4,CASTHMA,4041,113993
Weakley,47183,47183968300,10.6,CASTHMA,2322,35021
Weakley,47183,47183968203,12.3,CASTHMA,3051,35021
White,47185,47185935200,11.1,CASTHMA,4166,25841
Tipton,47167,47167040200,11.1,CASTHMA,2119,61081
Washington,47179,47179061701,9.7,CASTHMA,5944,122979
Sumner,47165,47165021006,9.8,CASTHMA,3145,160645
Tipton,47167,47167040500,10.6,CASTHMA,6445,61081
Sumner,47165,47165021105,10.4,CASTHMA,6629,160645
Williamson,47187,47187050307,9.5,CASTHMA,3065,183182
Williamson,47187,47187050405,9,CASTHMA,2483,183182
Wilson,47189,47189030700,12,CASTHMA,3383,113993
Tipton,47167,47167040302,9.9,CASTHMA,8948,61081
Warren,47177,47177930800,11.1,CASTHMA,6091,39839
Williamson,47187,47187050800,11,CASTHMA,6321,183182
Williamson,47187,47187050904,10.2,CASTHMA,4954,183182
Wilson,47189,47189030202,9.7,CASTHMA,5473,113993
Wilson,47189,47189030901,9.8,CASTHMA,9572,113993
Sumner,47165,47165020901,10.6,CASTHMA,1469,160645
Williamson,47187,47187050203,8.8,CASTHMA,5647,183182
White,47185,47185935300,11.1,CASTHMA,5333,25841
Weakley,47183,47183968000,10.7,CASTHMA,1177,35021
Sumner,47165,47165021008,9.6,CASTHMA,3725,160645
Sumner,47165,47165021005,9.9,CASTHMA,6203,160645
Unicoi,47171,47171080100,10.7,CASTHMA,2668,18313
Warren,47177,47177930100,10.7,CASTHMA,3579,39839
Williamson,47187,47187050205,9.1,CASTHMA,3344,183182
Sumner,47165,47165021009,10.7,CASTHMA,5298,160645
Sumner,47165,47165020902,11.8,CASTHMA,6828,160645
Wilson,47189,47189030102,10.3,CASTHMA,6640,113993
Washington,47179,47179060800,10.3,CASTHMA,2923,122979
Tipton,47167,47167040303,10.4,CASTHMA,6314,61081
Sumner,47165,47165021205,9.7,CASTHMA,2650,160645
Washington,47179,47179061500,10.5,CASTHMA,6955,122979
Sumner,47165,47165021107,10.1,CASTHMA,4228,160645
Wilson,47189,47189030305,9.6,CASTHMA,5367,113993
Warren,47177,47177930400,11,CASTHMA,6013,39839
Williamson,47187,47187050701,9.4,CASTHMA,4265,183182
Tipton,47167,47167041000,11.3,CASTHMA,3287,61081
Washington,47179,47179060600,11.2,CASTHMA,7045,122979
Williamson,47187,47187050304,8.5,CASTHMA,1930,183182
Williamson,47187,47187051202,9.6,CASTHMA,21763,183182
Wayne,47181,47181950200,10.8,CASTHMA,5603,17021
Sumner,47165,47165021007,9.4,CASTHMA,1809,160645
